-- phpMyAdmin SQL Dump
-- version 5.2.1
-- https://www.phpmyadmin.net/
--
-- 主機： 127.0.0.1
-- 產生時間： 2025-04-07 02:07:26
-- 伺服器版本： 8.0.40
-- PHP 版本： 8.2.12

SET SQL_MODE = "NO_AUTO_VALUE_ON_ZERO";
START TRANSACTION;
SET time_zone = "+00:00";


/*!40101 SET @OLD_CHARACTER_SET_CLIENT=@@CHARACTER_SET_CLIENT */;
/*!40101 SET @OLD_CHARACTER_SET_RESULTS=@@CHARACTER_SET_RESULTS */;
/*!40101 SET @OLD_COLLATION_CONNECTION=@@COLLATION_CONNECTION */;
/*!40101 SET NAMES utf8mb4 */;

--
-- 資料庫： `mfee59_teamb_database`
--

-- --------------------------------------------------------

--
-- 資料表結構 `activity_list`
--

CREATE TABLE `activity_list` (
  `al_id` int NOT NULL,
  `activity_name` varchar(100) CHARACTER SET utf8mb4 COLLATE utf8mb4_general_ci NOT NULL,
  `sport_type_id` int NOT NULL,
  `area_id` int NOT NULL,
  `court_id` int NOT NULL,
  `activity_time` timestamp NOT NULL DEFAULT CURRENT_TIMESTAMP ON UPDATE CURRENT_TIMESTAMP,
  `deadline` timestamp NOT NULL DEFAULT CURRENT_TIMESTAMP,
  `payment` decimal(10,0) NOT NULL DEFAULT '0',
  `need_num` int NOT NULL,
  `introduction` text CHARACTER SET utf8mb4 COLLATE utf8mb4_general_ci NOT NULL,
  `founder_id` int NOT NULL,
  `create_time` timestamp NOT NULL DEFAULT CURRENT_TIMESTAMP,
  `update_time` timestamp NOT NULL DEFAULT CURRENT_TIMESTAMP ON UPDATE CURRENT_TIMESTAMP,
  `avatar` varchar(255) CHARACTER SET utf8mb4 COLLATE utf8mb4_general_ci DEFAULT NULL,
  `avatar2` varchar(255) CHARACTER SET utf8mb4 COLLATE utf8mb4_general_ci DEFAULT NULL,
  `avatar3` varchar(255) CHARACTER SET utf8mb4 COLLATE utf8mb4_general_ci DEFAULT NULL,
  `avatar4` varchar(255) CHARACTER SET utf8mb4 COLLATE utf8mb4_general_ci DEFAULT NULL,
  `cancel_reason` text CHARACTER SET utf8mb4 COLLATE utf8mb4_general_ci
) ENGINE=InnoDB DEFAULT CHARSET=utf8mb4 COLLATE=utf8mb4_general_ci;

--
-- 傾印資料表的資料 `activity_list`
--

INSERT INTO `activity_list` (`al_id`, `activity_name`, `sport_type_id`, `area_id`, `court_id`, `activity_time`, `deadline`, `payment`, `need_num`, `introduction`, `founder_id`, `create_time`, `update_time`, `avatar`, `avatar2`, `avatar3`, `avatar4`, `cancel_reason`) VALUES
(1, '排球活動93', 2, 251, 15, '2025-06-16 17:11:00', '2025-05-30 16:04:00', 277, 21, '大家一起來運動，無論新手或高手，都歡迎參加！', 5, '2025-06-16 17:11:00', '2025-10-13 04:01:00', NULL, NULL, NULL, NULL, NULL),
(2, '羽球活動98', 3, 229, 23, '2025-01-10 06:46:00', '2025-01-09 13:32:00', 343, 19, '大家一起來運動，無論新手或高手，都歡迎參加！', 4, '2025-01-10 06:46:00', '2025-06-05 07:34:00', NULL, NULL, NULL, NULL, NULL),
(3, '排球活動30', 2, 221, 13, '2025-10-09 21:34:00', '2025-10-03 21:49:00', 402, 29, '大家一起來運動，無論新手或高手，都歡迎參加！', 3, '2025-10-09 21:34:00', '2025-11-27 00:15:00', NULL, NULL, NULL, NULL, NULL),
(4, '羽球活動23', 3, 234, 19, '2025-04-02 08:43:00', '2025-01-31 02:06:00', 427, 20, '大家一起來運動，無論新手或高手，都歡迎參加！', 30, '2025-04-02 08:43:00', '2025-08-04 15:12:00', NULL, NULL, NULL, NULL, NULL),
(6, '羽球活動13', 3, 217, 18, '2025-07-29 05:38:00', '2025-06-26 12:13:00', 454, 14, '大家一起來運動，無論新手或高手，都歡迎參加！', 4, '2025-07-29 05:38:00', '2025-12-17 20:22:00', NULL, NULL, NULL, NULL, NULL),
(7, '羽球活動96', 3, 219, 17, '2025-03-22 15:17:34', '2025-04-25 23:01:00', 227, 10, '大家一起來運動，無論新手或高手，都歡迎參加！', 47, '2025-05-31 08:09:00', '2025-03-22 15:17:34', NULL, NULL, NULL, NULL, NULL),
(8, '羽球活動50', 3, 216, 2, '2025-10-11 14:25:00', '2025-09-21 03:31:00', 370, 11, '大家一起來運動，無論新手或高手，都歡迎參加！', 41, '2025-10-11 14:25:00', '2025-12-07 08:02:00', NULL, NULL, NULL, NULL, NULL),
(9, '羽球活動95', 3, 229, 23, '2025-12-27 17:29:00', '2025-10-28 15:51:00', 106, 21, '大家一起來運動，無論新手或高手，都歡迎參加！', 32, '2025-12-27 17:29:00', '2025-12-29 18:26:00', NULL, NULL, NULL, NULL, NULL),
(10, '排球活動49', 2, 218, 7, '2025-03-22 15:14:25', '2025-02-06 06:28:00', 398, 21, '大家一起來運動，無論新手或高手，都歡迎參加！', 43, '2025-02-08 12:05:00', '2025-03-22 15:14:25', NULL, NULL, NULL, NULL, NULL),
(11, '排球活動33', 2, 251, 15, '2025-12-14 23:27:00', '2025-11-18 21:22:00', 134, 8, '大家一起來運動，無論新手或高手，都歡迎參加！', 30, '2025-12-14 23:27:00', '2025-12-26 16:57:00', NULL, NULL, NULL, NULL, NULL),
(12, '羽球活動81', 3, 217, 18, '2025-11-10 04:46:00', '2025-11-01 19:13:00', 144, 12, '大家一起來運動，無論新手或高手，都歡迎參加！', 49, '2025-11-10 04:46:00', '2025-11-19 04:55:00', NULL, NULL, NULL, NULL, NULL),
(13, '排球活動6', 2, 229, 10, '2025-05-24 05:37:00', '2025-03-31 21:03:00', 270, 28, '大家一起來運動，無論新手或高手，都歡迎參加！', 28, '2025-05-24 05:37:00', '2025-11-12 02:05:00', NULL, NULL, NULL, NULL, NULL),
(14, '籃球活動98', 1, 217, 2, '2025-11-17 00:00:00', '2025-03-15 00:00:00', 150, 23, '大家一起來運動，無論新手或高手，都歡迎參加！', 39, '2025-11-17 19:02:00', '2025-01-14 10:15:21', NULL, NULL, NULL, NULL, NULL),
(15, '籃球活動59', 1, 222, 9, '2025-03-22 15:16:56', '2025-05-01 17:04:00', 386, 15, '大家一起來運動，無論新手或高手，都歡迎參加！', 7, '2025-06-16 21:27:00', '2025-03-22 15:16:56', NULL, NULL, NULL, NULL, NULL),
(16, '羽球活動84', 3, 229, 23, '2025-04-29 07:48:00', '2025-04-13 04:11:00', 468, 17, '大家一起來運動，無論新手或高手，都歡迎參加！', 15, '2025-04-29 07:48:00', '2025-07-17 03:34:00', NULL, NULL, NULL, NULL, NULL),
(17, '羽球活動75', 3, 251, 24, '2025-04-23 01:20:00', '2025-01-06 00:45:00', 489, 30, '大家一起來運動，無論新手或高手，都歡迎參加！', 29, '2025-04-23 01:20:00', '2025-05-31 05:56:00', NULL, NULL, NULL, NULL, NULL),
(18, '籃球活動11', 1, 218, 1, '2025-05-01 09:04:00', '2025-03-04 10:47:00', 307, 16, '大家一起來運動，無論新手或高手，都歡迎參加！', 1, '2025-05-01 09:04:00', '2025-12-22 04:49:00', NULL, NULL, NULL, NULL, NULL),
(19, '籃球活動60', 1, 229, 10, '2025-02-21 08:57:00', '2025-02-06 18:55:00', 457, 9, '大家一起來運動，無論新手或高手，都歡迎參加！', 16, '2025-02-21 08:57:00', '2025-08-18 18:27:00', NULL, NULL, NULL, NULL, NULL),
(20, '羽球活動28', 3, 216, 2, '2025-09-13 11:22:00', '2025-09-02 20:11:00', 276, 25, '大家一起來運動，無論新手或高手，都歡迎參加！', 6, '2025-09-13 11:22:00', '2025-11-27 08:23:00', NULL, NULL, NULL, NULL, NULL),
(21, '籃球活動72', 1, 240, 4, '2025-02-27 17:58:00', '2025-01-23 22:21:00', 291, 19, '大家一起來運動，無論新手或高手，都歡迎參加！', 47, '2025-02-27 17:58:00', '2025-11-17 19:26:00', NULL, NULL, NULL, NULL, NULL),
(22, '羽球活動26', 3, 217, 22, '2025-01-26 03:49:00', '2025-01-07 11:28:00', 293, 15, '大家一起來運動，無論新手或高手，都歡迎參加！', 47, '2025-01-26 03:49:00', '2025-06-22 06:23:00', NULL, NULL, NULL, NULL, NULL),
(23, '籃球活動14', 1, 222, 9, '2025-03-13 09:06:00', '2025-02-17 00:04:00', 387, 13, '大家一起來運動，無論新手或高手，都歡迎參加！', 40, '2025-03-13 09:06:00', '2025-08-21 18:34:00', NULL, NULL, NULL, NULL, NULL),
(24, '排球活動2', 2, 243, 12, '2025-07-28 04:17:00', '2025-05-08 01:48:00', 129, 10, '大家一起來運動，無論新手或高手，都歡迎參加！', 31, '2025-07-28 04:17:00', '2025-12-08 04:00:00', NULL, NULL, NULL, NULL, NULL),
(25, '排球活動62', 2, 222, 9, '2025-11-11 16:09:00', '2025-11-07 11:04:00', 311, 19, '大家一起來運動，無論新手或高手，都歡迎參加！', 40, '2025-11-11 16:09:00', '2025-12-10 14:37:00', NULL, NULL, NULL, NULL, NULL),
(26, '籃球活動37', 1, 229, 10, '2025-06-11 13:00:00', '2025-02-06 07:05:00', 463, 23, '大家一起來運動，無論新手或高手，都歡迎參加！', 16, '2025-06-11 13:00:00', '2025-09-02 15:13:00', NULL, NULL, NULL, NULL, NULL),
(27, '排球活動15', 2, 229, 10, '2025-01-21 10:32:00', '2025-01-02 14:09:00', 160, 10, '大家一起來運動，無論新手或高手，都歡迎參加！', 47, '2025-01-21 10:32:00', '2025-09-03 13:02:00', NULL, NULL, NULL, NULL, NULL),
(28, '排球活動82', 2, 243, 12, '2025-10-11 09:51:00', '2025-09-12 12:59:00', 425, 16, '大家一起來運動，無論新手或高手，都歡迎參加！', 37, '2025-10-11 09:51:00', '2025-11-19 01:46:00', NULL, NULL, NULL, NULL, NULL),
(29, '羽球活動77', 3, 229, 23, '2025-04-17 18:14:00', '2025-02-06 13:17:00', 163, 30, '大家一起來運動，無論新手或高手，都歡迎參加！', 16, '2025-04-17 18:14:00', '2025-05-22 15:50:00', NULL, NULL, NULL, NULL, NULL),
(30, '排球活動26', 2, 251, 15, '2025-08-23 07:35:00', '2025-02-03 06:31:00', 221, 30, '大家一起來運動，無論新手或高手，都歡迎參加！', 17, '2025-08-23 07:35:00', '2025-09-19 08:38:00', NULL, NULL, NULL, NULL, NULL),
(31, '籃球活動1', 1, 216, 2, '2025-03-20 08:24:00', '2025-02-14 21:06:00', 269, 18, '大家一起來運動，無論新手或高手，都歡迎參加！', 32, '2025-03-20 08:24:00', '2025-06-21 22:46:00', NULL, NULL, NULL, NULL, NULL),
(32, '排球活動99', 2, 224, 5, '2025-10-19 14:43:00', '2025-01-17 09:39:00', 179, 22, '大家一起來運動，無論新手或高手，都歡迎參加！', 27, '2025-10-19 14:43:00', '2025-11-20 17:50:00', NULL, NULL, NULL, NULL, NULL),
(33, '籃球活動17', 1, 229, 10, '2025-02-12 02:09:00', '2025-01-17 19:41:00', 408, 21, '大家一起來運動，無論新手或高手，都歡迎參加！', 29, '2025-02-12 02:09:00', '2025-08-06 20:42:00', NULL, NULL, NULL, NULL, NULL),
(34, '籃球活動24', 1, 222, 9, '2025-02-08 22:08:00', '2025-02-06 10:05:00', 288, 11, '大家一起來運動，無論新手或高手，都歡迎參加！', 34, '2025-02-08 22:08:00', '2025-11-15 19:53:00', NULL, NULL, NULL, NULL, NULL),
(35, '排球活動80', 2, 221, 13, '2025-10-27 21:18:00', '2025-03-16 04:34:00', 131, 23, '大家一起來運動，無論新手或高手，都歡迎參加！', 17, '2025-10-27 21:18:00', '2025-12-11 14:19:00', NULL, NULL, NULL, NULL, NULL),
(36, '羽球活動10', 3, 251, 24, '2025-01-26 16:14:00', '2025-01-23 03:45:00', 346, 13, '大家一起來運動，無論新手或高手，都歡迎參加！', 11, '2025-01-26 16:14:00', '2025-12-09 00:17:00', NULL, NULL, NULL, NULL, NULL),
(37, '羽球活動86', 3, 251, 24, '2025-05-16 08:36:00', '2025-03-25 18:41:00', 177, 28, '大家一起來運動，無論新手或高手，都歡迎參加！', 36, '2025-05-16 08:36:00', '2025-09-20 08:12:00', NULL, NULL, NULL, NULL, NULL),
(38, '籃球活動78', 1, 222, 9, '2025-09-12 05:17:00', '2025-05-07 01:04:00', 242, 21, '大家一起來運動，無論新手或高手，都歡迎參加！', 38, '2025-09-12 05:17:00', '2025-10-18 06:07:00', NULL, NULL, NULL, NULL, NULL),
(39, '排球活動42', 2, 223, 6, '2025-06-10 11:47:00', '2025-03-19 03:57:00', 135, 18, '大家一起來運動，無論新手或高手，都歡迎參加！', 49, '2025-06-10 11:47:00', '2025-09-09 13:47:00', NULL, NULL, NULL, NULL, NULL),
(40, '羽球活動47', 3, 217, 18, '2025-05-11 06:51:00', '2025-03-01 19:15:00', 198, 26, '大家一起來運動，無論新手或高手，都歡迎參加！', 44, '2025-05-11 06:51:00', '2025-09-21 20:17:00', NULL, NULL, NULL, NULL, NULL),
(41, '羽球活動100', 3, 229, 23, '2025-11-22 03:41:00', '2025-03-10 11:24:00', 135, 8, '大家一起來運動，無論新手或高手，都歡迎參加！', 26, '2025-11-22 03:41:00', '2025-12-26 21:00:00', NULL, NULL, NULL, NULL, NULL),
(42, '排球活動78', 2, 221, 13, '2025-03-22 15:15:35', '2025-01-01 15:31:00', 468, 18, '大家一起來運動，無論新手或高手，都歡迎參加！', 23, '2025-11-25 09:19:00', '2025-03-22 15:15:35', NULL, NULL, NULL, NULL, NULL),
(43, '排球活動99', 2, 223, 6, '2025-03-22 14:53:56', '2025-11-28 07:10:00', 164, 15, '大家一起來運動，無論新手或高手，都歡迎參加！', 28, '2025-12-08 23:18:00', '2025-03-22 14:53:56', NULL, NULL, NULL, NULL, NULL),
(44, '籃球活動64', 1, 216, 2, '2025-05-21 17:39:00', '2025-03-06 02:48:00', 205, 9, '大家一起來運動，無論新手或高手，都歡迎參加！', 5, '2025-05-21 17:39:00', '2025-08-20 17:08:00', NULL, NULL, NULL, NULL, NULL),
(45, '籃球活動13', 1, 218, 1, '2025-03-19 05:39:00', '2025-01-13 21:56:00', 367, 8, '大家一起來運動，無論新手或高手，都歡迎參加！', 33, '2025-03-19 05:39:00', '2025-12-22 03:58:00', NULL, NULL, NULL, NULL, NULL),
(46, '籃球活動92', 1, 224, 5, '2025-12-09 22:31:00', '2025-05-25 04:07:00', 364, 19, '大家一起來運動，無論新手或高手，都歡迎參加！', 31, '2025-12-09 22:31:00', '2025-12-22 08:51:00', NULL, NULL, NULL, NULL, NULL),
(47, '排球活動60', 2, 244, 11, '2025-02-16 04:50:00', '2025-01-01 10:17:00', 254, 18, '大家一起來運動，無論新手或高手，都歡迎參加！', 40, '2025-02-16 04:50:00', '2025-11-03 05:49:00', NULL, NULL, NULL, NULL, NULL),
(48, '籃球活動5', 1, 223, 6, '2025-01-05 18:56:00', '2024-12-31 22:40:00', 146, 29, '大家一起來運動，無論新手或高手，都歡迎參加！', 14, '2025-01-05 18:56:00', '2025-01-06 21:20:00', NULL, NULL, NULL, NULL, NULL),
(49, '排球活動65', 2, 222, 9, '2025-12-05 11:05:00', '2025-09-25 20:58:00', 127, 15, '大家一起來運動，無論新手或高手，都歡迎參加！', 5, '2025-12-05 11:05:00', '2025-12-05 20:00:00', NULL, NULL, NULL, NULL, NULL),
(50, '排球活動7', 2, 218, 7, '2025-06-13 07:05:00', '2025-03-24 16:02:00', 340, 9, '大家一起來運動，無論新手或高手，都歡迎參加！', 13, '2025-06-13 07:05:00', '2025-06-20 03:44:00', NULL, NULL, NULL, NULL, NULL),
(51, '排球活動40', 2, 224, 5, '2025-05-23 04:58:00', '2025-03-19 05:21:00', 353, 9, '大家一起來運動，無論新手或高手，都歡迎參加！', 28, '2025-05-23 04:58:00', '2025-10-02 02:20:00', NULL, NULL, NULL, NULL, NULL),
(52, '排球活動64', 2, 243, 12, '2025-03-26 07:04:00', '2025-03-06 03:47:00', 392, 14, '大家一起來運動，無論新手或高手，都歡迎參加！', 44, '2025-03-26 07:04:00', '2025-06-07 12:44:00', NULL, NULL, NULL, NULL, NULL),
(53, '羽球活動64', 3, 218, 16, '2025-11-24 11:53:00', '2025-06-12 00:24:00', 153, 28, '大家一起來運動，無論新手或高手，都歡迎參加！', 8, '2025-11-24 11:53:00', '2025-12-06 22:48:00', NULL, NULL, NULL, NULL, NULL),
(54, '籃球活動48', 1, 222, 9, '2025-11-27 12:23:00', '2025-09-11 08:50:00', 447, 8, '大家一起來運動，無論新手或高手，都歡迎參加！', 10, '2025-11-27 12:23:00', '2025-11-30 16:27:00', NULL, NULL, NULL, NULL, NULL),
(55, '籃球活動83', 1, 229, 10, '2025-02-27 16:16:00', '2025-01-13 08:35:00', 394, 30, '大家一起來運動，無論新手或高手，都歡迎參加！', 3, '2025-02-27 16:16:00', '2025-05-11 09:33:00', NULL, NULL, NULL, NULL, NULL),
(56, '籃球活動83', 1, 216, 2, '2025-11-06 19:21:00', '2025-06-27 21:51:00', 303, 10, '大家一起來運動，無論新手或高手，都歡迎參加！', 30, '2025-11-06 19:21:00', '2025-12-28 10:56:00', NULL, NULL, NULL, NULL, NULL),
(57, '籃球活動30', 1, 229, 10, '2025-08-30 10:33:00', '2025-07-04 21:04:00', 232, 22, '大家一起來運動，無論新手或高手，都歡迎參加！', 19, '2025-08-30 10:33:00', '2025-11-02 08:14:00', NULL, NULL, NULL, NULL, NULL),
(58, '羽球活動2', 3, 216, 2, '2025-01-31 14:10:00', '2025-01-26 18:46:00', 463, 25, '大家一起來運動，無論新手或高手，都歡迎參加！', 19, '2025-01-31 14:10:00', '2025-09-29 21:54:00', NULL, NULL, NULL, NULL, NULL),
(59, '羽球活動1', 3, 229, 23, '2025-07-30 14:36:00', '2025-02-26 17:16:00', 187, 25, '大家一起來運動，無論新手或高手，都歡迎參加！', 5, '2025-07-30 14:36:00', '2025-10-19 02:34:00', NULL, NULL, NULL, NULL, NULL),
(60, '羽球活動18', 3, 251, 24, '2025-03-22 15:20:12', '2025-01-06 04:41:00', 168, 6, '大家一起來運動，無論新手或高手，都歡迎參加！', 34, '2025-01-06 13:17:00', '2025-03-22 15:20:12', NULL, NULL, NULL, NULL, NULL),
(61, '馬的好累快來打球', 2, 217, 12, '2025-03-20 14:41:09', '2025-01-14 14:38:00', 120, 1, '有空再幫排個版', 2, '2025-01-14 14:39:18', '2025-03-20 14:41:09', '/activity-volleyballCourt.jpg', '/slogan_volleyball.png', '/volleyball3.jpg', '/IMG_5698.jpeg', NULL);

-- --------------------------------------------------------

--
-- 資料表結構 `activity_message_board`
--

CREATE TABLE `activity_message_board` (
  `id` int NOT NULL,
  `activity_id` int NOT NULL,
  `member_id` int NOT NULL,
  `message` text CHARACTER SET utf8mb4 COLLATE utf8mb4_general_ci NOT NULL,
  `created_at` datetime DEFAULT CURRENT_TIMESTAMP,
  `is_owner` tinyint(1) DEFAULT '0'
) ENGINE=InnoDB DEFAULT CHARSET=utf8mb4 COLLATE=utf8mb4_general_ci;

-- --------------------------------------------------------

--
-- 資料表結構 `admins`
--

CREATE TABLE `admins` (
  `id` int NOT NULL,
  `name` varchar(100) CHARACTER SET utf8mb4 COLLATE utf8mb4_unicode_ci NOT NULL,
  `phone` varchar(15) CHARACTER SET utf8mb4 COLLATE utf8mb4_unicode_ci NOT NULL,
  `email` varchar(100) CHARACTER SET utf8mb4 COLLATE utf8mb4_unicode_ci NOT NULL,
  `password` varchar(255) CHARACTER SET utf8mb4 COLLATE utf8mb4_unicode_ci NOT NULL
) ENGINE=InnoDB DEFAULT CHARSET=utf8mb4 COLLATE=utf8mb4_unicode_ci;

--
-- 傾印資料表的資料 `admins`
--

INSERT INTO `admins` (`id`, `name`, `phone`, `email`, `password`) VALUES
(1, '陳小明', '0912345678', 'chihming.chen@example.com', '716421'),
(2, '李美玲', '0923456789', 'meiling.li@example.com', '047552'),
(3, '王建國', '0934567890', 'jianguo.wang@example.com', '455714'),
(4, '林育賢', '0945678901', 'yuxian.lin@example.com', '230593'),
(5, '黃思涵', '0956789012', 'sihan.huang@example.com', '279854'),
(6, '張家豪', '0967890123', 'jiahao.zhang@example.com', '241893'),
(7, '蔡安妮', '0978901234', 'annie.tsai@example.com', '077287'),
(8, '劉俊傑', '0989012345', 'junjie.liu@example.com', '291413'),
(9, '楊采薇', '0990123456', 'caiwei.yang@example.com', '841274'),
(10, '何冠中', '0901234567', 'guanzhong.he@example.com', '361489'),
(11, '帥哥', '0972091027', 'zx0938013408@gmail.com', '$2b$10$nHhquYIDY9JIvJRqhh4EaO52jQ2WmUOM55ii2WlVVLj4g9qQ5U5ae');

-- --------------------------------------------------------

--
-- 資料表結構 `admin_login_logs`
--

CREATE TABLE `admin_login_logs` (
  `id` int NOT NULL,
  `adminer_id` int DEFAULT NULL,
  `login_time` datetime DEFAULT CURRENT_TIMESTAMP,
  `ip_address` varchar(45) CHARACTER SET utf8mb4 COLLATE utf8mb4_general_ci DEFAULT NULL,
  `update_at` datetime DEFAULT CURRENT_TIMESTAMP ON UPDATE CURRENT_TIMESTAMP
) ENGINE=InnoDB DEFAULT CHARSET=utf8mb4 COLLATE=utf8mb4_general_ci;

--
-- 傾印資料表的資料 `admin_login_logs`
--

INSERT INTO `admin_login_logs` (`id`, `adminer_id`, `login_time`, `ip_address`, `update_at`) VALUES
(1, 32, '2025-01-15 00:44:01', '127.0.0.1', '2025-01-15 00:44:01'),
(2, 11, '2025-01-15 00:47:21', '127.0.0.1', '2025-01-15 00:47:21'),
(3, 10, '2025-01-15 01:12:33', '127.0.0.1', '2025-01-15 01:12:33'),
(4, 7, '2025-01-15 01:24:07', '127.0.0.1', '2025-01-15 01:24:07'),
(5, 33, '2025-01-15 02:16:04', '127.0.0.1', '2025-01-15 02:16:04'),
(6, 11, '2025-01-15 02:31:45', '127.0.0.1', '2025-01-15 02:31:45'),
(7, 9, '2025-01-15 10:22:44', '127.0.0.1', '2025-01-15 10:22:44'),
(8, 11, '2025-01-15 10:52:58', '127.0.0.1', '2025-01-15 10:52:58'),
(9, 11, '2025-01-15 10:59:08', '127.0.0.1', '2025-01-15 10:59:08'),
(10, 11, '2025-01-15 11:00:58', '127.0.0.1', '2025-01-15 11:00:58'),
(11, 11, '2025-01-15 11:02:06', '127.0.0.1', '2025-01-15 11:02:06'),
(12, 5, '2025-01-15 11:17:58', '127.0.0.1', '2025-01-15 11:17:58'),
(13, 5, '2025-01-15 11:23:12', '127.0.0.1', '2025-01-15 11:23:12'),
(14, 5, '2025-01-15 11:24:24', '127.0.0.1', '2025-01-15 11:24:24'),
(15, 5, '2025-01-15 11:34:15', '127.0.0.1', '2025-01-15 11:34:15'),
(16, NULL, '2025-01-15 11:41:25', '127.0.0.1', '2025-01-15 11:41:25'),
(17, NULL, '2025-01-15 11:45:32', '127.0.0.1', '2025-01-15 11:45:32'),
(18, 3, '2025-01-15 13:33:10', '127.0.0.1', '2025-01-15 13:33:10'),
(19, 11, '2025-01-16 10:25:46', '127.0.0.1', '2025-01-16 10:25:46');

-- --------------------------------------------------------

--
-- 資料表結構 `areas`
--

CREATE TABLE `areas` (
  `area_id` int NOT NULL,
  `name` varchar(10) CHARACTER SET utf8mb4 COLLATE utf8mb4_general_ci NOT NULL,
  `city_id` int DEFAULT NULL
) ENGINE=InnoDB DEFAULT CHARSET=utf8mb4 COLLATE=utf8mb4_general_ci;

--
-- 傾印資料表的資料 `areas`
--

INSERT INTO `areas` (`area_id`, `name`, `city_id`) VALUES
(1, '中正區', 1),
(2, '大同區', 1),
(3, '中山區', 1),
(4, '松山區', 1),
(5, '大安區', 1),
(6, '萬華區', 1),
(7, '信義區', 1),
(8, '士林區', 1),
(9, '北投區', 1),
(10, '內湖區', 1),
(11, '南港區', 1),
(12, '文山區', 1),
(13, '仁愛區', 3),
(14, '信義區', 3),
(15, '中正區', 3),
(16, '中山區', 3),
(17, '安樂區', 3),
(18, '暖暖區', 3),
(19, '七堵區', 3),
(20, '萬里區', 2),
(21, '金山區', 2),
(22, '板橋區', 2),
(23, '汐止區', 2),
(24, '深坑區', 2),
(25, '石碇區', 2),
(26, '瑞芳區', 2),
(27, '平溪區', 2),
(28, '雙溪區', 2),
(29, '貢寮區', 2),
(30, '新店區', 2),
(31, '坪林區', 2),
(32, '烏來區', 2),
(33, '永和區', 2),
(34, '中和區', 2),
(35, '土城區', 2),
(36, '三峽區', 2),
(37, '樹林區', 2),
(38, '鶯歌區', 2),
(39, '三重區', 2),
(40, '新莊區', 2),
(41, '泰山區', 2),
(42, '林口區', 2),
(43, '蘆洲區', 2),
(44, '五股區', 2),
(45, '八里區', 2),
(46, '淡水區', 2),
(47, '三芝區', 2),
(48, '石門區', 2),
(49, '宜蘭市', 17),
(50, '頭城鎮', 17),
(51, '礁溪鄉', 17),
(52, '壯圍鄉', 17),
(53, '員山鄉', 17),
(54, '羅東鎮', 17),
(55, '三星鄉', 17),
(56, '大同鄉', 17),
(57, '五結鄉', 17),
(58, '冬山鄉', 17),
(59, '蘇澳鎮', 17),
(60, '南澳鄉', 17),
(61, '東區', 5),
(62, '北區', 5),
(63, '香山區', 5),
(64, '竹北市', 6),
(65, '湖口鄉', 6),
(66, '新豐鄉', 6),
(67, '新埔鎮', 6),
(68, '關西鎮', 6),
(69, '芎林鄉', 6),
(70, '寶山鄉', 6),
(71, '竹東鎮', 6),
(72, '五峰鄉', 6),
(73, '橫山鄉', 6),
(74, '尖石鄉', 6),
(75, '北埔鄉', 6),
(76, '峨嵋鄉', 6),
(77, '中壢區', 4),
(78, '平鎮區', 4),
(79, '龍潭區', 4),
(80, '楊梅區', 4),
(81, '新屋區', 4),
(82, '觀音區', 4),
(83, '桃園區', 4),
(84, '龜山區', 4),
(85, '八德區', 4),
(86, '大溪區', 4),
(87, '復興區', 4),
(88, '大園區', 4),
(89, '蘆竹區', 4),
(90, '竹南鎮', 7),
(91, '頭份市', 7),
(92, '三灣鄉', 7),
(93, '南庄鄉', 7),
(94, '獅潭鄉', 7),
(95, '後龍鎮', 7),
(96, '通霄鎮', 7),
(97, '苑裡鎮', 7),
(98, '苗栗市', 7),
(99, '造橋鄉', 7),
(100, '頭屋鄉', 7),
(101, '公館鄉', 7),
(102, '大湖鄉', 7),
(103, '泰安鄉', 7),
(104, '銅鑼鄉', 7),
(105, '三義鄉', 7),
(106, '西湖鄉', 7),
(107, '卓蘭鎮', 7),
(108, '中區', 8),
(109, '東區', 8),
(110, '南區', 8),
(111, '西區', 8),
(112, '北區', 8),
(113, '北屯區', 8),
(114, '西屯區', 8),
(115, '南屯區', 8),
(116, '太平區', 8),
(117, '大里區', 8),
(118, '霧峰區', 8),
(119, '烏日區', 8),
(120, '豐原區', 8),
(121, '后里區', 8),
(122, '石岡區', 8),
(123, '東勢區', 8),
(124, '和平區', 8),
(125, '新社區', 8),
(126, '潭子區', 8),
(127, '大雅區', 8),
(128, '神岡區', 8),
(129, '大肚區', 8),
(130, '沙鹿區', 8),
(131, '龍井區', 8),
(132, '梧棲區', 8),
(133, '清水區', 8),
(134, '大甲區', 8),
(135, '外埔區', 8),
(136, '大安區', 8),
(137, '彰化市', 9),
(138, '芬園鄉', 9),
(139, '花壇鄉', 9),
(140, '秀水鄉', 9),
(141, '鹿港鎮', 9),
(142, '福興鄉', 9),
(143, '線西鄉', 9),
(144, '和美鎮', 9),
(145, '伸港鄉', 9),
(146, '員林市', 9),
(147, '社頭鄉', 9),
(148, '永靖鄉', 9),
(149, '埔心鄉', 9),
(150, '溪湖鎮', 9),
(151, '大村鄉', 9),
(152, '埔鹽鄉', 9),
(153, '田中鎮', 9),
(154, '北斗鎮', 9),
(155, '田尾鄉', 9),
(156, '埤頭鄉', 9),
(157, '溪州鄉', 9),
(158, '竹塘鄉', 9),
(159, '二林鎮', 9),
(160, '大城鄉', 9),
(161, '芳苑鄉', 9),
(162, '二水鄉', 9),
(163, '南投市', 10),
(164, '中寮鄉', 10),
(165, '草屯鎮', 10),
(166, '國姓鄉', 10),
(167, '埔里鎮', 10),
(168, '仁愛鄉', 10),
(169, '名間鄉', 10),
(170, '集集鎮', 10),
(171, '水里鄉', 10),
(172, '魚池鄉', 10),
(173, '信義鄉', 10),
(174, '竹山鎮', 10),
(175, '鹿谷鄉', 10),
(176, '西區', 11),
(177, '東區', 11),
(178, '番路鄉', 12),
(179, '梅山鄉', 12),
(180, '竹崎鄉', 12),
(181, '阿里山鄉', 12),
(182, '中埔鄉', 12),
(183, '大埔鄉', 12),
(184, '水上鄉', 12),
(185, '鹿草鄉', 12),
(186, '太保市', 12),
(187, '朴子市', 12),
(188, '東石鄉', 12),
(189, '六腳鄉', 12),
(190, '新港鄉', 12),
(191, '民雄鄉', 12),
(192, '大林鎮', 12),
(193, '溪口鄉', 12),
(194, '義竹鄉', 12),
(195, '布袋鎮', 12),
(196, '斗南鎮', 13),
(197, '大埤鄉', 13),
(198, '虎尾鎮', 13),
(199, '土庫鎮', 13),
(200, '褒忠鄉', 13),
(201, '東勢鄉', 13),
(202, '臺西鄉', 13),
(203, '崙背鄉', 13),
(204, '麥寮鄉', 13),
(205, '斗六市', 13),
(206, '林內鄉', 13),
(207, '古坑鄉', 13),
(208, '莿桐鄉', 13),
(209, '西螺鎮', 13),
(210, '二崙鄉', 13),
(211, '北港鎮', 13),
(212, '水林鄉', 13),
(213, '口湖鄉', 13),
(214, '四湖鄉', 13),
(215, '元長鄉', 13),
(216, '中西區', 14),
(217, '東區', 14),
(218, '南區', 14),
(219, '北區', 14),
(220, '安平區', 14),
(221, '安南區', 14),
(222, '永康區', 14),
(223, '歸仁區', 14),
(224, '新化區', 14),
(225, '左鎮區', 14),
(226, '玉井區', 14),
(227, '楠西區', 14),
(228, '南化區', 14),
(229, '仁德區', 14),
(230, '關廟區', 14),
(231, '龍崎區', 14),
(232, '官田區', 14),
(233, '麻豆區', 14),
(234, '佳里區', 14),
(235, '西港區', 14),
(236, '七股區', 14),
(237, '將軍區', 14),
(238, '學甲區', 14),
(239, '北門區', 14),
(240, '新營區', 14),
(241, '後壁區', 14),
(242, '白河區', 14),
(243, '東山區', 14),
(244, '六甲區', 14),
(245, '下營區', 14),
(246, '柳營區', 14),
(247, '鹽水區', 14),
(248, '善化區', 14),
(249, '大內區', 14),
(250, '山上區', 14),
(251, '新市區', 14),
(252, '安定區', 14),
(253, '新興區', 15),
(254, '前金區', 15),
(255, '芩雅區', 15),
(256, '鹽埕區', 15),
(257, '鼓山區', 15),
(258, '旗津區', 15),
(259, '前鎮區', 15),
(260, '三民區', 15),
(261, '楠梓區', 15),
(262, '小港區', 15),
(263, '左營區', 15),
(264, '仁武區', 15),
(265, '大社區', 15),
(266, '岡山區', 15),
(267, '路竹區', 15),
(268, '阿蓮區', 15),
(269, '田寮區', 15),
(270, '燕巢區', 15),
(271, '橋頭區', 15),
(272, '梓官區', 15),
(273, '彌陀區', 15),
(274, '永安區', 15),
(275, '湖內區', 15),
(276, '鳳山區', 15),
(277, '大寮區', 15),
(278, '林園區', 15),
(279, '鳥松區', 15),
(280, '大樹區', 15),
(281, '旗山區', 15),
(282, '美濃區', 15),
(283, '六龜區', 15),
(284, '內門區', 15),
(285, '杉林區', 15),
(286, '甲仙區', 15),
(287, '桃源區', 15),
(288, '三民區', 15),
(289, '那瑪夏區', 15),
(290, '茂林區', 15),
(291, '茄萣區', 15),
(292, '馬公市', 20),
(293, '西嶼鄉', 20),
(294, '望安鄉', 20),
(295, '七美鄉', 20),
(296, '白沙鄉', 20),
(297, '湖西鄉', 20),
(298, '屏東市', 16),
(299, '三地門鄉', 16),
(300, '霧臺鄉', 16),
(301, '瑪家鄉', 16),
(302, '九如鄉', 16),
(303, '里港鄉', 16),
(304, '高樹鄉', 16),
(305, '盬埔鄉', 16),
(306, '長治鄉', 16),
(307, '麟洛鄉', 16),
(308, '竹田鄉', 16),
(309, '內埔鄉', 16),
(310, '萬丹鄉', 16),
(311, '潮州鎮', 16),
(312, '泰武鄉', 16),
(313, '來義鄉', 16),
(314, '萬巒鄉', 16),
(315, '崁頂鄉', 16),
(316, '新埤鄉', 16),
(317, '南州鄉', 16),
(318, '林邊鄉', 16),
(319, '東港鎮', 16),
(320, '琉球鄉', 16),
(321, '佳冬鄉', 16),
(322, '新園鄉', 16),
(323, '枋寮鄉', 16),
(324, '枋山鄉', 16),
(325, '春日鄉', 16),
(326, '獅子鄉', 16),
(327, '車城鄉', 16),
(328, '牡丹鄉', 16),
(329, '恆春鎮', 16),
(330, '滿州鄉', 16),
(331, '臺東市', 19),
(332, '綠島鄉', 19),
(333, '蘭嶼鄉', 19),
(334, '延平鄉', 19),
(335, '卑南鄉', 19),
(336, '鹿野鄉', 19),
(337, '關山鎮', 19),
(338, '海端鄉', 19),
(339, '池上鄉', 19),
(340, '東河鄉', 19),
(341, '成功鎮', 19),
(342, '長濱鄉', 19),
(343, '太麻里鄉', 19),
(344, '金峰鄉', 19),
(345, '大武鄉', 19),
(346, '達仁鄉', 19),
(347, '花蓮市', 18),
(348, '新城鄉', 18),
(349, '秀林鄉', 18),
(350, '吉安鄉', 18),
(351, '壽豐鄉', 18),
(352, '鳳林鎮', 18),
(353, '光復鄉', 18),
(354, '豐濱鄉', 18),
(355, '瑞穗鄉', 18),
(356, '萬榮鄉', 18),
(357, '玉里鎮', 18),
(358, '卓溪鄉', 18),
(359, '富里鄉', 18),
(360, '金沙鎮', 21),
(361, '金湖鎮', 21),
(362, '金寧鄉', 21),
(363, '金城鎮', 21),
(364, '烈嶼鄉', 21),
(365, '烏坵鄉', 21),
(366, '南竿鄉', 22),
(367, '北竿鄉', 22),
(368, '莒光鄉', 22),
(369, '東引鄉', 22);

-- --------------------------------------------------------

--
-- 資料表結構 `categories`
--

CREATE TABLE `categories` (
  `id` int NOT NULL,
  `categories_name` varchar(100) CHARACTER SET utf8mb4 COLLATE utf8mb4_general_ci NOT NULL,
  `parent_id` int DEFAULT NULL
) ENGINE=InnoDB DEFAULT CHARSET=utf8mb4 COLLATE=utf8mb4_general_ci;

--
-- 傾印資料表的資料 `categories`
--

INSERT INTO `categories` (`id`, `categories_name`, `parent_id`) VALUES
(1, '上衣', NULL),
(2, '褲類', NULL),
(3, '鞋類', NULL),
(4, '運動裝備', NULL),
(5, '短袖', 1),
(6, '長袖', 1),
(7, '短褲', 2),
(8, '長褲', 2),
(9, '後背包', 4),
(10, '腰包', 4),
(11, '水壺', 4),
(12, '運動手套', 4),
(13, '護膝', 4);

-- --------------------------------------------------------

--
-- 資料表結構 `citys`
--

CREATE TABLE `citys` (
  `city_id` int NOT NULL,
  `city_name` varchar(10) CHARACTER SET utf8mb4 COLLATE utf8mb4_general_ci NOT NULL
) ENGINE=InnoDB DEFAULT CHARSET=utf8mb4 COLLATE=utf8mb4_general_ci;

--
-- 傾印資料表的資料 `citys`
--

INSERT INTO `citys` (`city_id`, `city_name`) VALUES
(1, '台北市'),
(2, '新北市'),
(3, '基隆市'),
(4, '桃園市'),
(5, '新竹市'),
(6, '新竹縣'),
(7, '苗栗縣'),
(8, '台中市'),
(9, '彰化縣'),
(10, '南投縣'),
(11, '嘉義市'),
(12, '嘉義縣'),
(13, '雲林縣'),
(14, '台南市'),
(15, '高雄市'),
(16, '屏東縣'),
(17, '宜蘭縣'),
(18, '花蓮縣'),
(19, '台東縣'),
(20, '澎湖縣'),
(21, '金門縣'),
(22, '連江縣');

-- --------------------------------------------------------

--
-- 資料表結構 `contact_form_submissions`
--

CREATE TABLE `contact_form_submissions` (
  `id` int NOT NULL,
  `name` varchar(255) NOT NULL,
  `email` varchar(255) NOT NULL,
  `message` text NOT NULL,
  `created_at` timestamp NULL DEFAULT CURRENT_TIMESTAMP,
  `status` enum('pending','responded') DEFAULT 'pending'
) ENGINE=InnoDB DEFAULT CHARSET=utf8mb4 COLLATE=utf8mb4_0900_ai_ci;

--
-- 傾印資料表的資料 `contact_form_submissions`
--

INSERT INTO `contact_form_submissions` (`id`, `name`, `email`, `message`, `created_at`, `status`) VALUES
(1, '維特', 'echeng@hotmail.com', '我很棒', '2025-03-31 06:15:32', 'pending'),
(2, '維特', 'echeng@hotmail.com', '我很棒', '2025-03-31 06:18:29', 'pending'),
(3, '阿罵養大的粿', 'ming33@gmail.com', '我覺得永遠吃不飽', '2025-03-31 06:18:50', 'pending'),
(4, '粿粿', 'nalong@gmail.com', '最後一次測試', '2025-03-31 06:23:09', 'pending');

-- --------------------------------------------------------

--
-- 資料表結構 `court_info`
--

CREATE TABLE `court_info` (
  `id` int NOT NULL,
  `name` varchar(200) CHARACTER SET utf8mb4 COLLATE utf8mb4_general_ci DEFAULT NULL,
  `area_id` int DEFAULT NULL,
  `address` varchar(200) CHARACTER SET utf8mb4 COLLATE utf8mb4_general_ci DEFAULT NULL,
  `lat` float NOT NULL,
  `lng` float NOT NULL,
  `type_id` int DEFAULT NULL,
  `is_paid` tinyint(1) DEFAULT NULL,
  `is_reserve` tinyint(1) DEFAULT NULL
) ENGINE=InnoDB DEFAULT CHARSET=utf8mb4 COLLATE=utf8mb4_general_ci;

--
-- 傾印資料表的資料 `court_info`
--

INSERT INTO `court_info` (`id`, `name`, `area_id`, `address`, `lat`, `lng`, `type_id`, `is_paid`, `is_reserve`) VALUES
(1, '臺南市立籃球場', 218, '大林路', 22.976, 120.209, 3, 0, 0),
(2, '永華國民運動中心', 216, '中華西路二段30號', 22.99, 120.188, 1, 1, 1),
(3, '臺南高商體育館', 218, '健康路一段327號', 22.9801, 120.202, 1, 1, 1),
(4, '新營體育館', 240, '長榮路二段78號', 23.3209, 120.312, 1, 1, 1),
(5, '新化區體育公園', 224, '公園路110號', 23.0301, 120.307, 2, 0, 0),
(6, '歸仁區體育公園', 223, '公園路152號', 22.9641, 120.297, 3, 0, 0),
(7, '南區全民運動中心', 218, '健康路一段327號', 22.9802, 120.202, 1, 1, 1),
(8, '善化區體育公園', 248, '進學路150號', 23.1371, 120.29, 2, 0, 0),
(9, '永康區忠孝運動公園', 222, '忠孝路250號', 23.0146, 120.242, 2, 0, 0),
(10, '仁德區運動公園', 229, '仁義路130號', 22.9694, 120.259, 2, 0, 0),
(11, '六甲沙灘排球場', 244, '和平街479號', 23.2311, 120.344, 4, 0, 0),
(12, '東山運動場', 243, '中興南路26號', 23.3187, 120.404, 2, 0, 0),
(13, '小窩排球館', 221, '北安路四段555號', 23.067, 120.214, 1, 1, 1),
(14, '歐萊-排球小角落', 252, '海寮5之38號C棟', 23.0904, 120.209, 1, 1, 1),
(15, '新市全民運動中心', 251, '中華路49號', 23.0671, 120.3, 1, 1, 1),
(16, '臺南市立羽球館', 218, '體育路10號之9', 22.976, 120.209, 1, 1, 1),
(17, '順天羽球館', 219, '北成路271號', 23.0199, 120.204, 1, 1, 1),
(18, '博鴻羽球館', 217, '東光路一段100號', 22.994, 120.231, 1, 1, 1),
(19, '佳里羽球館', 234, '安北路196號', 23.17, 120.174, 1, 1, 1),
(20, '金成羽球館', 220, '光州路36號', 22.9865, 120.161, 1, 1, 1),
(21, '翔友羽球館', 221, '北安路二段538號', 23.0368, 120.203, 1, 1, 1),
(22, '中愛羽球館', 217, '裕豐街214巷', 22.9883, 120.229, 1, 1, 1),
(23, '藏龍羽球概念館', 229, '中山路50號', 22.9702, 120.267, 1, 1, 1),
(24, '新力羽球南科館', 251, '陽光大道20號', 23.11, 120.309, 1, 1, 1),
(25, '歸仁全民運動中心', 223, '長大路1號', 22.9049, 120.275, 1, 1, 1),
(26, '羽潮羽球運動休閒館', 222, '中正南路592巷68號', 23.0364, 120.236, 1, 1, 1),
(27, '南台科技大學', 222, '南台街1號', 23.0235, 120.226, 3, 0, 0);

-- --------------------------------------------------------

--
-- 資料表結構 `court_sports`
--

CREATE TABLE `court_sports` (
  `sport_id` int DEFAULT NULL,
  `court_id` int DEFAULT NULL
) ENGINE=InnoDB DEFAULT CHARSET=utf8mb4 COLLATE=utf8mb4_general_ci;

--
-- 傾印資料表的資料 `court_sports`
--

INSERT INTO `court_sports` (`sport_id`, `court_id`) VALUES
(1, 1),
(1, 2),
(1, 3),
(1, 4),
(1, 5),
(1, 6),
(1, 7),
(1, 8),
(1, 9),
(1, 10),
(2, 5),
(2, 6),
(2, 7),
(2, 8),
(2, 9),
(2, 10),
(2, 11),
(2, 12),
(2, 13),
(2, 14),
(2, 15),
(3, 2),
(3, 16),
(3, 17),
(3, 18),
(3, 19),
(3, 20),
(3, 21),
(3, 22),
(3, 23),
(3, 24),
(1, 1),
(1, 2),
(1, 3),
(1, 4),
(1, 5),
(1, 6),
(1, 7),
(1, 8),
(1, 9),
(1, 10),
(2, 5),
(2, 6),
(2, 7),
(2, 8),
(2, 9),
(2, 10),
(2, 11),
(2, 12),
(2, 13),
(2, 14),
(2, 15),
(3, 2),
(3, 16),
(3, 17),
(3, 18),
(3, 19),
(3, 20),
(3, 21),
(3, 22),
(3, 23),
(3, 24),
(1, 1),
(1, 2),
(1, 3),
(1, 4),
(1, 5),
(1, 6),
(1, 7),
(1, 8),
(1, 9),
(1, 10),
(2, 5),
(2, 6),
(2, 7),
(2, 8),
(2, 9),
(2, 10),
(2, 11),
(2, 12),
(2, 13),
(2, 14),
(2, 15),
(3, 2),
(3, 16),
(3, 17),
(3, 18),
(3, 19),
(3, 20),
(3, 21),
(3, 22),
(3, 23),
(3, 24),
(1, 1),
(1, 2),
(1, 3),
(1, 4),
(1, 5),
(1, 6),
(1, 7),
(1, 8),
(1, 9),
(1, 10),
(2, 5),
(2, 6),
(2, 7),
(2, 8),
(2, 9),
(2, 10),
(2, 11),
(2, 12),
(2, 13),
(2, 14),
(2, 15),
(3, 2),
(3, 16),
(3, 17),
(3, 18),
(3, 19),
(3, 20),
(3, 21),
(3, 22),
(3, 23),
(3, 24),
(1, 25),
(2, 25),
(3, 25),
(3, 26),
(1, 27),
(2, 27);

-- --------------------------------------------------------

--
-- 資料表結構 `court_type`
--

CREATE TABLE `court_type` (
  `id` int NOT NULL,
  `court_type` varchar(10) CHARACTER SET utf8mb4 COLLATE utf8mb4_general_ci NOT NULL
) ENGINE=InnoDB DEFAULT CHARSET=utf8mb4 COLLATE=utf8mb4_general_ci;

--
-- 傾印資料表的資料 `court_type`
--

INSERT INTO `court_type` (`id`, `court_type`) VALUES
(1, '室內球場'),
(2, '戶外球場'),
(3, '風雨球場'),
(4, '其他');

-- --------------------------------------------------------

--
-- 資料表結構 `favorites`
--

CREATE TABLE `favorites` (
  `id` int NOT NULL,
  `member_id` int NOT NULL,
  `activity_id` int NOT NULL,
  `created_at` datetime DEFAULT CURRENT_TIMESTAMP
) ENGINE=InnoDB DEFAULT CHARSET=utf8mb4 COLLATE=utf8mb4_general_ci;

-- --------------------------------------------------------

--
-- 資料表結構 `members`
--

CREATE TABLE `members` (
  `id` int NOT NULL,
  `name` varchar(50) CHARACTER SET utf8mb4 COLLATE utf8mb4_general_ci NOT NULL,
  `gender` enum('男','女','其他') CHARACTER SET utf8mb4 COLLATE utf8mb4_general_ci NOT NULL,
  `birthday_date` date NOT NULL,
  `city_id` int NOT NULL,
  `area_id` int NOT NULL,
  `address` varchar(255) CHARACTER SET utf8mb4 COLLATE utf8mb4_general_ci NOT NULL,
  `phone` varchar(15) CHARACTER SET utf8mb4 COLLATE utf8mb4_general_ci NOT NULL,
  `email` varchar(100) CHARACTER SET utf8mb4 COLLATE utf8mb4_general_ci NOT NULL,
  `password` varchar(50) CHARACTER SET utf8mb4 COLLATE utf8mb4_general_ci NOT NULL,
  `created_at` timestamp NOT NULL DEFAULT CURRENT_TIMESTAMP,
  `updated_at` timestamp NOT NULL DEFAULT CURRENT_TIMESTAMP ON UPDATE CURRENT_TIMESTAMP,
  `avatar` varchar(255) CHARACTER SET utf8mb4 COLLATE utf8mb4_general_ci DEFAULT NULL,
  `password_hashed` varchar(255) CHARACTER SET utf8mb4 COLLATE utf8mb4_general_ci NOT NULL,
  `school` varchar(10) CHARACTER SET utf8mb4 COLLATE utf8mb4_general_ci DEFAULT NULL,
  `id_card` varchar(5) CHARACTER SET utf8mb4 COLLATE utf8mb4_general_ci DEFAULT NULL
) ENGINE=InnoDB DEFAULT CHARSET=utf8mb4 COLLATE=utf8mb4_general_ci;

--
-- 傾印資料表的資料 `members`
--

INSERT INTO `members` (`id`, `name`, `gender`, `birthday_date`, `city_id`, `area_id`, `address`, `phone`, `email`, `password`, `created_at`, `updated_at`, `avatar`, `password_hashed`, `school`, `id_card`) VALUES
(1, '阿罵養大的粿', '女', '1999-01-22', 14, 221, '象山17號', '0983333333', 'jiangxia@yahoo.com', 'iTKPDcWE', '2025-01-04 17:11:29', '2025-03-29 18:37:21', 'imgs/IMG_4784.jpg', '$2b$10$B9kdDQblxa5upbOrw8nYZO8xG1zwOXRJwBqvjSqBZ3cAxF8v.qmJC', '光復小學', '4719'),
(2, '維特', '其他', '2006-11-12', 14, 222, '忠義1號', '0994315131', 'nalong@gmail.com', 'SJrYsxyc', '2025-01-05 06:29:46', '2025-03-29 18:22:42', 'imgs/IMG_4345.jpg', '$2b$10$PScm5EaXjRji.aNhCRjk9.BVYDZYEuEbZUwtw7UXY662zuZbvBEja', '中華小學', '3963'),
(3, '胡惠雯', '女', '1994-09-12', 14, 217, '古亭23號', '0995267116', 'leidai@ding.com', 'mSsFVIvG', '2025-01-05 01:31:09', '2025-03-29 18:19:47', 'imgs/IMG_4784.jpg', '$2b$10$PScm5EaXjRji.aNhCRjk9.BVYDZYEuEbZUwtw7UXY662zuZbvBEja', '明德小學', '4659'),
(4, '賀雅婷', '男', '1990-08-16', 14, 221, '和街3號', '083 36597073', 'yangkong@yao.tw', '9sSogCJ8', '2025-01-08 02:05:18', '2025-03-29 18:19:47', 'imgs/IMG_4784.jpg', '$2b$10$PScm5EaXjRji.aNhCRjk9.BVYDZYEuEbZUwtw7UXY662zuZbvBEja', '學府小學', '1404'),
(5, '朱怡君', '男', '1988-05-27', 14, 221, '和平33號', '09 2839305', 'qiang92@gmail.com', 'HrH9vLN6', '2025-01-04 23:58:41', '2025-03-29 18:19:47', 'imgs/IMG_4784.jpg', '$2b$10$PScm5EaXjRji.aNhCRjk9.BVYDZYEuEbZUwtw7UXY662zuZbvBEja', '太原小學', '1045'),
(6, '劉淑華', '男', '1985-04-15', 14, 216, '國凱八德100號', '0923-948101', 'pingpan@gmail.com', 'jAFRMRXE', '2025-01-01 08:47:04', '2025-03-29 18:19:47', 'imgs/IMG_4784.jpg', '$2b$10$PScm5EaXjRji.aNhCRjk9.BVYDZYEuEbZUwtw7UXY662zuZbvBEja', '光復小學', '9014'),
(7, '胡雅慧', '女', '1985-02-22', 14, 216, '大智85號', '08-2059168', 'guiying73@hotmail.com', 'hnyBqFmN', '2025-01-08 11:28:03', '2025-03-29 18:19:47', 'imgs/IMG_4784.jpg', '$2b$10$PScm5EaXjRji.aNhCRjk9.BVYDZYEuEbZUwtw7UXY662zuZbvBEja', '中華小學', '4937'),
(8, '余佳玲', '女', '1995-09-22', 14, 222, '昆陽8號', '08-28268056', 'xqiao@ma.org', 'sYtQ2u3j', '2024-12-31 11:18:24', '2025-03-29 18:19:47', 'imgs/IMG_4784.jpg', '$2b$10$PScm5EaXjRji.aNhCRjk9.BVYDZYEuEbZUwtw7UXY662zuZbvBEja', '明德小學', '5642'),
(9, '唐怡婷', '女', '2001-12-21', 14, 217, '博愛98號', '0974-064267', 'guiyingwen@gmail.com', 'IDYNhF0F', '2025-01-07 20:44:04', '2025-03-29 18:19:47', 'imgs/IMG_4784.jpg', '$2b$10$PScm5EaXjRji.aNhCRjk9.BVYDZYEuEbZUwtw7UXY662zuZbvBEja', '學府小學', '3399'),
(10, '張雅雯', '男', '2006-12-26', 14, 216, '興61號', '08 6212706', 'cpeng@pan.net', 'PX9DzcvX', '2025-01-02 16:52:58', '2025-03-29 18:19:47', 'imgs/IMG_4784.jpg', '$2b$10$PScm5EaXjRji.aNhCRjk9.BVYDZYEuEbZUwtw7UXY662zuZbvBEja', '太原小學', '8069'),
(11, '趙慧君', '女', '1993-04-06', 14, 222, '光華87號', '0978-031272', 'junfu@liu.com', 'b7Cj8bPq', '2025-01-04 00:29:20', '2025-03-29 18:19:47', 'imgs/IMG_4784.jpg', '$2b$10$PScm5EaXjRji.aNhCRjk9.BVYDZYEuEbZUwtw7UXY662zuZbvBEja', '光復小學', '2148'),
(12, '唐佳樺', '其他', '1995-11-09', 14, 221, '光復67號', '(01) 26317176', 'min88@gmail.com', '8Fo6NuU3', '2025-01-06 16:58:08', '2025-03-29 18:19:47', 'imgs/IMG_4784.jpg', '$2b$10$PScm5EaXjRji.aNhCRjk9.BVYDZYEuEbZUwtw7UXY662zuZbvBEja', '中華小學', '3533'),
(13, '呂俊傑', '女', '1998-08-15', 14, 216, '永安8號', '051 21199820', 'minghou@xue.org', 'HhsQyxzc', '2025-01-02 06:16:38', '2025-03-29 18:19:47', 'imgs/IMG_4784.jpg', '$2b$10$PScm5EaXjRji.aNhCRjk9.BVYDZYEuEbZUwtw7UXY662zuZbvBEja', '明德小學', '1222'),
(14, '唐怡婷', '其他', '1985-09-04', 14, 221, '關渡8號', '08-8277165', 'ming33@gmail.com', 'jR6hEUA1', '2025-01-03 00:01:07', '2025-03-29 18:19:47', 'imgs/IMG_4784.jpg', '$2b$10$PScm5EaXjRji.aNhCRjk9.BVYDZYEuEbZUwtw7UXY662zuZbvBEja', '學府小學', '3512'),
(15, '楊佩珊', '其他', '2001-12-22', 14, 221, '永和53號', '(09) 99671828', 'minglai@hao.org', 'CyErWXaf', '2025-01-03 01:50:44', '2025-03-29 18:19:47', 'imgs/IMG_4784.jpg', '$2b$10$PScm5EaXjRji.aNhCRjk9.BVYDZYEuEbZUwtw7UXY662zuZbvBEja', '太原小學', '3896'),
(16, '李志宏', '男', '2006-10-01', 14, 222, '福安43號', '09 5877648', 'ming29@huang.com', 'qpXLfgCt', '2025-01-07 15:55:02', '2025-03-29 18:19:47', 'imgs/IMG_4784.jpg', '$2b$10$PScm5EaXjRji.aNhCRjk9.BVYDZYEuEbZUwtw7UXY662zuZbvBEja', '光復小學', '7943'),
(17, '楊慧君', '男', '2002-12-09', 14, 216, '新莊67號', '00 8973021', 'uliao@hotmail.com', 'EfyJvpDY', '2024-12-31 00:38:03', '2025-03-29 18:19:47', 'imgs/IMG_4784.jpg', '$2b$10$PScm5EaXjRji.aNhCRjk9.BVYDZYEuEbZUwtw7UXY662zuZbvBEja', '中華小學', '9027'),
(18, '翟郁雯', '男', '2004-09-21', 14, 219, '永和64號', '0934248771', 'shaoxiuying@xia.org', 'iroYVKO2', '2025-01-04 09:57:19', '2025-03-29 18:19:47', 'imgs/IMG_4784.jpg', '$2b$10$PScm5EaXjRji.aNhCRjk9.BVYDZYEuEbZUwtw7UXY662zuZbvBEja', '明德小學', '2309'),
(19, '惠信宏', '男', '1992-08-23', 14, 222, '四維37號', '01 2820479', 'min32@gmail.com', 'w42IIgbE', '2025-01-06 17:25:52', '2025-03-29 18:19:47', 'imgs/IMG_4784.jpg', '$2b$10$PScm5EaXjRji.aNhCRjk9.BVYDZYEuEbZUwtw7UXY662zuZbvBEja', '學府小學', '1463'),
(20, '畢心怡', '男', '1995-11-02', 14, 219, '景美74號', '0907-799205', 'lmao@hotmail.com', 'zHQfSAMc', '2025-01-03 13:49:16', '2025-03-29 18:19:47', 'imgs/IMG_4784.jpg', '$2b$10$PScm5EaXjRji.aNhCRjk9.BVYDZYEuEbZUwtw7UXY662zuZbvBEja', '太原小學', '8387'),
(21, '李佳蓉', '女', '1997-10-28', 14, 219, '興12號', '0969440290', 'jungao@pan.com', 'P6mSLu30', '2025-01-03 03:18:35', '2025-03-29 18:19:47', 'imgs/IMG_4784.jpg', '$2b$10$PScm5EaXjRji.aNhCRjk9.BVYDZYEuEbZUwtw7UXY662zuZbvBEja', '光復小學', '9547'),
(22, '包欣怡', '女', '1989-08-25', 14, 217, '新店83號', '(06) 99995747', 'yangli@wen.com', 'zUTq5Y6d', '2025-01-08 01:51:59', '2025-03-29 18:19:47', 'imgs/IMG_4784.jpg', '$2b$10$PScm5EaXjRji.aNhCRjk9.BVYDZYEuEbZUwtw7UXY662zuZbvBEja', '中華小學', '3576'),
(23, '王雅惠', '其他', '1987-10-17', 14, 222, '大勇97號', '088 82497948', 'yiyan@gmail.com', 'pyBMAVtJ', '2025-01-04 16:58:36', '2025-03-29 18:19:47', 'imgs/IMG_4784.jpg', '$2b$10$PScm5EaXjRji.aNhCRjk9.BVYDZYEuEbZUwtw7UXY662zuZbvBEja', '明德小學', '6238'),
(24, '何雅慧', '女', '1992-06-19', 14, 222, '新生71號', '073 68153927', 'yangguo@yahoo.com', 'KnrKWtjW', '2025-01-07 11:31:47', '2025-03-29 18:19:47', 'imgs/IMG_4784.jpg', '$2b$10$PScm5EaXjRji.aNhCRjk9.BVYDZYEuEbZUwtw7UXY662zuZbvBEja', '學府小學', '1462'),
(25, '趙琬婷', '男', '1994-07-12', 14, 216, '新店66號', '013 58118032', 'echeng@hotmail.com', 'dqAwmV5f', '2025-01-01 12:36:42', '2025-03-29 18:19:47', 'imgs/IMG_4784.jpg', '$2b$10$PScm5EaXjRji.aNhCRjk9.BVYDZYEuEbZUwtw7UXY662zuZbvBEja', '太原小學', '5596'),
(26, '遊惠婷', '其他', '1992-08-30', 14, 221, '國凱八德89號', '0999685033', 'panlei@yahoo.com', 'QTy8iAdz', '2025-01-08 00:33:51', '2025-03-29 18:19:47', 'imgs/IMG_4784.jpg', '$2b$10$PScm5EaXjRji.aNhCRjk9.BVYDZYEuEbZUwtw7UXY662zuZbvBEja', '光復小學', '4596'),
(27, '徐雅萍', '女', '2001-08-07', 14, 217, '自由44號', '(01) 38529014', 'xiulan84@yin.tw', 'iDcPpS7K', '2025-01-05 23:09:35', '2025-03-29 18:19:47', 'imgs/IMG_4784.jpg', '$2b$10$PScm5EaXjRji.aNhCRjk9.BVYDZYEuEbZUwtw7UXY662zuZbvBEja', '中華小學', '5193'),
(28, '艾羽', '女', '1989-07-08', 14, 222, '民富74號', '0904880749', 'nmo@ding.com', 'Gr9OZrBN', '2025-01-07 02:38:54', '2025-03-29 18:19:47', 'imgs/IMG_4784.jpg', '$2b$10$PScm5EaXjRji.aNhCRjk9.BVYDZYEuEbZUwtw7UXY662zuZbvBEja', '明德小學', '2177'),
(29, '曾怡婷', '女', '1990-05-21', 14, 222, '新興30號', '071 30214053', 'pingdeng@sun.com', '28Eu1Elh', '2025-01-05 12:15:57', '2025-03-29 18:19:47', 'imgs/IMG_4784.jpg', '$2b$10$PScm5EaXjRji.aNhCRjk9.BVYDZYEuEbZUwtw7UXY662zuZbvBEja', '學府小學', '3308'),
(30, '孫俊宏', '女', '1987-05-12', 14, 221, '建國42號', '09-22760346', 'qianghe@hotmail.com', 'kmqAdAiK', '2025-01-04 05:24:59', '2025-03-29 18:19:47', 'imgs/IMG_4784.jpg', '$2b$10$PScm5EaXjRji.aNhCRjk9.BVYDZYEuEbZUwtw7UXY662zuZbvBEja', '太原小學', '9007'),
(31, '高淑華', '男', '2006-04-11', 14, 219, '自由3號', '00-58192857', 'xiuyingzhao@yahoo.com', 'SEJqWuVw', '2025-01-04 21:17:21', '2025-03-29 18:19:47', 'imgs/IMG_4784.jpg', '$2b$10$PScm5EaXjRji.aNhCRjk9.BVYDZYEuEbZUwtw7UXY662zuZbvBEja', '光復小學', '7112'),
(32, '湯雅萍', '男', '2004-04-30', 14, 221, '龍山寺56號', '08-6634700', 'axu@kong.com', '718396ND', '2025-01-05 10:53:55', '2025-03-29 18:19:47', 'imgs/IMG_4784.jpg', '$2b$10$PScm5EaXjRji.aNhCRjk9.BVYDZYEuEbZUwtw7UXY662zuZbvBEja', '中華小學', '7541'),
(33, '龍靜怡', '其他', '1992-01-27', 14, 222, '民生8號', '01 2406944', 'yan40@bai.com', 'eNdkb3uy', '2024-12-31 05:45:17', '2025-03-29 18:19:47', 'imgs/IMG_4784.jpg', '$2b$10$PScm5EaXjRji.aNhCRjk9.BVYDZYEuEbZUwtw7UXY662zuZbvBEja', '明德小學', '6371'),
(34, '張雅文', '其他', '1994-05-26', 14, 221, '自強77號', '08 6904499', 'ypan@hotmail.com', 'siFWpKEv', '2024-12-31 04:49:39', '2025-03-29 18:19:47', 'imgs/IMG_4784.jpg', '$2b$10$PScm5EaXjRji.aNhCRjk9.BVYDZYEuEbZUwtw7UXY662zuZbvBEja', '學府小學', '8230'),
(35, '張彥廷', '女', '2003-11-06', 14, 222, '芝山73號', '088 55257462', 'ychen@hotmail.com', 'zezwaH6k', '2025-01-09 02:01:30', '2025-03-29 18:19:47', 'imgs/IMG_4784.jpg', '$2b$10$PScm5EaXjRji.aNhCRjk9.BVYDZYEuEbZUwtw7UXY662zuZbvBEja', '太原小學', '3037'),
(36, '桑雅芳', '男', '1991-06-19', 14, 219, '奇岩16號', '060 94656448', 'shenping@tang.org', 'RvbrU6qj', '2025-01-02 12:57:02', '2025-03-29 18:19:47', 'imgs/IMG_4784.jpg', '$2b$10$PScm5EaXjRji.aNhCRjk9.BVYDZYEuEbZUwtw7UXY662zuZbvBEja', '光復小學', '7497'),
(37, '楊佳樺', '女', '1998-08-02', 14, 217, '芝山60號', '00-18906863', 'minxia@du.tw', 'eh5O9eHw', '2024-12-31 18:19:24', '2025-03-29 18:19:47', 'imgs/IMG_4784.jpg', '$2b$10$PScm5EaXjRji.aNhCRjk9.BVYDZYEuEbZUwtw7UXY662zuZbvBEja', '中華小學', '9374'),
(38, '和信宏', '女', '1999-12-15', 14, 221, '學府52號', '082 47999693', 'hgao@hotmail.com', 'oYk2njO2', '2025-01-08 19:48:49', '2025-03-29 18:19:47', 'imgs/IMG_4784.jpg', '$2b$10$PScm5EaXjRji.aNhCRjk9.BVYDZYEuEbZUwtw7UXY662zuZbvBEja', '明德小學', '5380'),
(39, '鄧冠廷', '其他', '1991-08-06', 14, 219, '自由31號', '08 7647115', 'cyin@kang.tw', 'iJfF0v6y', '2025-01-02 22:45:42', '2025-03-29 18:19:47', 'imgs/IMG_4784.jpg', '$2b$10$PScm5EaXjRji.aNhCRjk9.BVYDZYEuEbZUwtw7UXY662zuZbvBEja', '學府小學', '6777'),
(40, '尹佩珊', '女', '2005-09-07', 14, 219, '中和53號', '0922-493337', 'pingqiao@yahoo.com', '2sAeZqcG', '2025-01-03 17:31:25', '2025-03-29 18:19:47', 'imgs/IMG_4784.jpg', '$2b$10$PScm5EaXjRji.aNhCRjk9.BVYDZYEuEbZUwtw7UXY662zuZbvBEja', '太原小學', '7746'),
(41, '楊飛', '男', '1999-01-10', 14, 217, '大勇43號', '0953668618', 'yufang@jiang.com', '9UbURTS8', '2025-01-06 09:24:50', '2025-03-29 18:19:47', 'imgs/IMG_4784.jpg', '$2b$10$PScm5EaXjRji.aNhCRjk9.BVYDZYEuEbZUwtw7UXY662zuZbvBEja', '光復小學', '8398'),
(42, '任淑慧', '女', '1989-05-05', 14, 216, '大安14號', '04-6364135', 'qingang@yahoo.com', 'GAJP9mMz', '2025-01-07 23:25:58', '2025-03-29 18:19:47', 'imgs/IMG_4784.jpg', '$2b$10$PScm5EaXjRji.aNhCRjk9.BVYDZYEuEbZUwtw7UXY662zuZbvBEja', '中華小學', '8754'),
(43, '林怡如', '男', '2001-10-16', 14, 221, '和街63號', '05-9717837', 'tianguiying@wen.tw', 'uNoxf3vY', '2025-01-02 11:48:23', '2025-03-29 18:19:47', 'imgs/IMG_4784.jpg', '$2b$10$PScm5EaXjRji.aNhCRjk9.BVYDZYEuEbZUwtw7UXY662zuZbvBEja', '明德小學', '8576'),
(44, '辛雅惠', '其他', '1985-03-18', 14, 219, '公園18號', '063 19843898', 'tao07@yahoo.com', 'xvViB2hr', '2025-01-06 19:09:33', '2025-03-29 18:19:47', 'imgs/IMG_4784.jpg', '$2b$10$PScm5EaXjRji.aNhCRjk9.BVYDZYEuEbZUwtw7UXY662zuZbvBEja', '學府小學', '6621'),
(45, '劉佳穎', '其他', '1991-08-06', 14, 222, '區興50號', '0908-913200', 'xuewei@yuan.tw', 'OMqWska9', '2025-01-05 09:01:08', '2025-03-29 18:19:47', 'imgs/IMG_4784.jpg', '$2b$10$PScm5EaXjRji.aNhCRjk9.BVYDZYEuEbZUwtw7UXY662zuZbvBEja', '太原小學', '6375'),
(46, '趙俊宏', '女', '2000-03-16', 14, 217, '劍潭100號', '057 49059508', 'yan81@feng.tw', 'eFbRpgKg', '2025-01-02 22:17:43', '2025-03-29 18:19:47', 'imgs/IMG_4784.jpg', '$2b$10$PScm5EaXjRji.aNhCRjk9.BVYDZYEuEbZUwtw7UXY662zuZbvBEja', '光復小學', '2012'),
(47, '鄧心怡', '其他', '1991-05-07', 14, 217, '士林1號', '002 32592379', 'xia50@gong.com', 'bMjtSHFp', '2025-01-05 01:58:07', '2025-03-29 18:19:47', 'imgs/IMG_4784.jpg', '$2b$10$PScm5EaXjRji.aNhCRjk9.BVYDZYEuEbZUwtw7UXY662zuZbvBEja', '中華小學', '7936'),
(48, '李嘉玲', '其他', '1990-06-13', 14, 216, '國凱八德34號', '(09) 88015044', 'tzhong@yahoo.com', 'gxzLi2YU', '2025-01-01 10:03:23', '2025-03-29 18:19:47', 'imgs/IMG_4784.jpg', '$2b$10$PScm5EaXjRji.aNhCRjk9.BVYDZYEuEbZUwtw7UXY662zuZbvBEja', '明德小學', '5643'),
(49, '林信宏', '男', '2005-10-13', 14, 222, '廣慈44號', '087 91154358', 'xzou@yahoo.com', '4AEqYx0P', '2025-01-03 22:31:38', '2025-03-29 18:19:47', 'imgs/IMG_4784.jpg', '$2b$10$PScm5EaXjRji.aNhCRjk9.BVYDZYEuEbZUwtw7UXY662zuZbvBEja', '學府小學', '3408'),
(50, '姜沖', '女', '1997-08-27', 14, 219, '光復10號', '021 25215610', 'qqin@hotmail.com', 'MWgzIwAa', '2025-01-05 14:14:29', '2025-03-29 18:19:47', 'imgs/IMG_4784.jpg', '$2b$10$PScm5EaXjRji.aNhCRjk9.BVYDZYEuEbZUwtw7UXY662zuZbvBEja', '太原小學', '8114'),
(52, '李得好', '女', '2000-01-10', 14, 216, '國凱八德34號', '0912345678', 'addd8@gmail.com', '1234', '2025-01-14 21:49:09', '2025-03-29 18:19:47', 'imgs/IMG_4784.jpg', '$2b$10$PScm5EaXjRji.aNhCRjk9.BVYDZYEuEbZUwtw7UXY662zuZbvBEja', '中華小學', '2343'),
(53, 'wen', '男', '2024-12-30', 14, 216, '國凱八德34號', '0912378945', 'yz8059388@gmial.com', '55642', '2025-01-15 10:15:34', '2025-03-29 18:19:47', 'imgs/IMG_4784.jpg', '$2b$10$PScm5EaXjRji.aNhCRjk9.BVYDZYEuEbZUwtw7UXY662zuZbvBEja', '明德小學', '4376'),
(54, 'wen', '男', '2025-01-02', 14, 216, '國凱八德34號', '0912345671', 'yz8057889@gmial.com', '55642gg', '2025-01-15 10:33:09', '2025-03-29 18:19:47', 'imgs/IMG_4784.jpg', '$2b$10$PScm5EaXjRji.aNhCRjk9.BVYDZYEuEbZUwtw7UXY662zuZbvBEja', '學府小學', '4853'),
(55, 'wen', '女', '2025-01-06', 14, 216, '國凱八德34號', '0999676526', 'ss@gmail.com', 'ffff', '2025-01-15 10:42:03', '2025-03-29 18:19:47', 'imgs/IMG_4784.jpg', '$2b$10$PScm5EaXjRji.aNhCRjk9.BVYDZYEuEbZUwtw7UXY662zuZbvBEja', '太原小學', '1135'),
(56, '粿粿', '女', '2025-01-31', 14, 223, '健康路28號', '0999999999', 'ia@yahoo.com', '', '2025-03-29 18:38:35', '2025-03-29 18:46:12', 'imgs/f0836ce8-5e00-4885-8575-1c50b3a15b44.png', '$2b$10$fR.AGYfJn7z5NQtru/gxLOyT2ltHcHwHMt4MoRxeHBMHES0ctCWLO', '深坑國小', '3453');

-- --------------------------------------------------------

--
-- 資料表結構 `member_sports`
--

CREATE TABLE `member_sports` (
  `member_id` int DEFAULT NULL,
  `sport_id` int DEFAULT NULL
) ENGINE=InnoDB DEFAULT CHARSET=utf8mb4 COLLATE=utf8mb4_general_ci;

--
-- 傾印資料表的資料 `member_sports`
--

INSERT INTO `member_sports` (`member_id`, `sport_id`) VALUES
(2, 1),
(2, 2),
(2, 3),
(3, 2),
(4, 1),
(4, 2),
(4, 3),
(5, 1),
(5, 2),
(5, 3),
(6, 1),
(6, 2),
(6, 3),
(7, 1),
(7, 2),
(7, 3),
(8, 1),
(8, 3),
(9, 2),
(10, 1),
(10, 2),
(10, 3),
(11, 2),
(11, 3),
(12, 1),
(12, 2),
(12, 3),
(13, 1),
(13, 2),
(14, 3),
(15, 1),
(16, 1),
(16, 2),
(16, 3),
(17, 1),
(17, 2),
(17, 3),
(18, 3),
(19, 1),
(19, 2),
(19, 3),
(20, 2),
(21, 3),
(22, 1),
(22, 2),
(22, 3),
(23, 1),
(24, 1),
(24, 3),
(25, 3),
(26, 2),
(27, 1),
(28, 2),
(29, 3),
(30, 1),
(30, 2),
(30, 3),
(31, 2),
(31, 3),
(32, 2),
(33, 2),
(33, 3),
(34, 2),
(34, 3),
(35, 1),
(35, 2),
(35, 3),
(36, 1),
(37, 1),
(37, 2),
(37, 3),
(38, 2),
(38, 3),
(39, 2),
(40, 3),
(41, 2),
(42, 2),
(43, 2),
(44, 1),
(44, 2),
(44, 3),
(45, 1),
(45, 3),
(46, 1),
(46, 2),
(46, 3),
(47, 1),
(47, 2),
(48, 1),
(49, 3),
(50, 1),
(50, 2),
(52, 3),
(53, 1),
(54, 1),
(55, 3),
(2, 1),
(2, 2),
(2, 3),
(3, 2),
(4, 1),
(4, 2),
(4, 3),
(5, 1),
(5, 2),
(5, 3),
(6, 1),
(6, 2),
(6, 3),
(7, 1),
(7, 2),
(7, 3),
(8, 1),
(8, 3),
(9, 2),
(10, 1),
(10, 2),
(10, 3),
(11, 2),
(11, 3),
(12, 1),
(12, 2),
(12, 3),
(13, 1),
(13, 2),
(14, 3),
(15, 1),
(16, 1),
(16, 2),
(16, 3),
(17, 1),
(17, 2),
(17, 3),
(18, 3),
(19, 1),
(19, 2),
(19, 3),
(20, 2),
(21, 3),
(22, 1),
(22, 2),
(22, 3),
(23, 1),
(24, 1),
(24, 3),
(25, 3),
(26, 2),
(27, 1),
(28, 2),
(29, 3),
(30, 1),
(30, 2),
(30, 3),
(31, 2),
(31, 3),
(32, 2),
(33, 2),
(33, 3),
(34, 2),
(34, 3),
(35, 1),
(35, 2),
(35, 3),
(36, 1),
(37, 1),
(37, 2),
(37, 3),
(38, 2),
(38, 3),
(39, 2),
(40, 3),
(41, 2),
(42, 2),
(43, 2),
(44, 1),
(44, 2),
(44, 3),
(45, 1),
(45, 3),
(46, 1),
(46, 2),
(46, 3),
(47, 1),
(47, 2),
(48, 1),
(49, 3),
(50, 1),
(50, 2),
(52, 3),
(53, 1),
(54, 1),
(55, 3),
(1, 1),
(1, 2),
(1, 3),
(56, 1);

-- --------------------------------------------------------

--
-- 資料表結構 `messages`
--

CREATE TABLE `messages` (
  `id` int NOT NULL,
  `member_id` int NOT NULL,
  `title` varchar(255) CHARACTER SET utf8mb4 COLLATE utf8mb4_general_ci NOT NULL,
  `content` text CHARACTER SET utf8mb4 COLLATE utf8mb4_general_ci NOT NULL,
  `created_at` datetime DEFAULT CURRENT_TIMESTAMP,
  `is_read` tinyint(1) DEFAULT '0'
) ENGINE=InnoDB DEFAULT CHARSET=utf8mb4 COLLATE=utf8mb4_general_ci;

-- --------------------------------------------------------

--
-- 資料表結構 `orders`
--

CREATE TABLE `orders` (
  `id` int NOT NULL,
  `MerchantTradeNo` varchar(20) CHARACTER SET utf8mb4 COLLATE utf8mb4_general_ci NOT NULL,
  `members_id` int NOT NULL,
  `total_amount` int NOT NULL,
  `order_status_id` int NOT NULL,
  `payment_status` enum('未付款','已付款') CHARACTER SET utf8mb4 COLLATE utf8mb4_general_ci NOT NULL DEFAULT '未付款',
  `shipping_method_id` int NOT NULL,
  `payment_method_id` int NOT NULL,
  `created_at` timestamp NULL DEFAULT CURRENT_TIMESTAMP
) ENGINE=InnoDB DEFAULT CHARSET=utf8mb4 COLLATE=utf8mb4_general_ci;

--
-- 傾印資料表的資料 `orders`
--

INSERT INTO `orders` (`id`, `MerchantTradeNo`, `members_id`, `total_amount`, `order_status_id`, `payment_status`, `shipping_method_id`, `payment_method_id`, `created_at`) VALUES
(1, 'od20241224101245241', 2, 4100, 4, '已付款', 2, 1, '2024-12-24 02:12:45'),
(2, 'od20241225142533352', 2, 5050, 4, '已付款', 1, 1, '2024-12-25 06:25:33'),
(3, 'od20241227093518451', 2, 5220, 4, '已付款', 1, 2, '2024-12-27 01:35:18'),
(4, 'od20241228174156563', 2, 5660, 4, '已付款', 1, 2, '2024-12-28 09:41:56'),
(5, 'od20241228082211672', 2, 4140, 4, '已付款', 1, 2, '2024-12-28 00:22:11'),
(6, 'od20250129190945771', 2, 2710, 4, '已付款', 1, 2, '2025-01-29 11:09:45'),
(7, 'od20250228111429884', 2, 2720, 5, '未付款', 1, 1, '2025-02-28 03:14:29'),
(8, 'od20250331063159992', 2, 3550, 4, '已付款', 1, 1, '2025-03-30 22:31:59'),
(9, 'od20250401210812209', 2, 4040, 5, '未付款', 1, 1, '2025-04-01 13:08:12'),
(10, 'od20240501130247219', 2, 3970, 4, '已付款', 1, 2, '2024-05-01 05:02:47'),
(11, 'od20240601164534229', 2, 6420, 5, '未付款', 1, 1, '2024-06-01 08:45:34'),
(12, 'od20240702181122240', 2, 3780, 4, '已付款', 1, 1, '2024-07-02 10:11:22'),
(13, 'od20240803142855251', 2, 6310, 4, '已付款', 1, 1, '2024-08-03 06:28:55'),
(14, 'od20240903200521262', 2, 8690, 4, '已付款', 1, 2, '2024-09-03 12:05:21'),
(15, 'od20241004223442272', 2, 12850, 4, '已付款', 1, 2, '2024-10-04 14:34:42'),
(16, 'od20241204090135831', 2, 13550, 4, '已付款', 1, 2, '2024-12-04 01:01:35'),
(17, 'od20241010114258293', 2, 9830, 4, '已付款', 1, 1, '2024-10-10 03:42:58'),
(18, 'od20241005152912304', 2, 12250, 4, '已付款', 1, 2, '2024-10-05 07:29:12'),
(19, 'od20241120125807314', 2, 6090, 5, '未付款', 1, 1, '2024-11-20 04:58:07'),
(20, 'od20241206231149325', 2, 3840, 4, '已付款', 1, 1, '2024-12-06 15:11:49'),
(21, 'od20250110074316336', 2, 2750, 4, '已付款', 1, 2, '2025-01-09 23:43:16'),
(22, 'od20250228103028462', 2, 4320, 4, '已付款', 1, 2, '2025-02-28 02:30:28'),
(23, 'od20250315181509563', 2, 3700, 5, '未付款', 1, 1, '2025-03-15 10:15:09'),
(24, 'od20250310092750672', 2, 4930, 4, '已付款', 1, 2, '2025-03-10 01:27:50'),
(25, 'od20250331163921775', 2, 2160, 4, '已付款', 1, 1, '2025-03-31 08:39:21');

-- --------------------------------------------------------

--
-- 資料表結構 `order_items`
--

CREATE TABLE `order_items` (
  `id` int NOT NULL,
  `order_id` int NOT NULL,
  `item_id` int NOT NULL,
  `variant_id` int DEFAULT NULL,
  `quantity` int NOT NULL
) ENGINE=InnoDB DEFAULT CHARSET=utf8mb4 COLLATE=utf8mb4_general_ci;

--
-- 傾印資料表的資料 `order_items`
--

INSERT INTO `order_items` (`id`, `order_id`, `item_id`, `variant_id`, `quantity`) VALUES
(1, 1, 1, 1, 2),
(2, 1, 2, 4, 1),
(3, 1, 16, 47, 3),
(4, 2, 3, 8, 1),
(5, 2, 4, 12, 2),
(6, 2, 17, 51, 2),
(7, 3, 5, 15, 3),
(8, 3, 6, 18, 1),
(9, 3, 18, 50, 2),
(10, 4, 7, 21, 2),
(11, 4, 8, 23, 1),
(12, 4, 19, 60, 3),
(13, 5, 9, 15, 1),
(14, 5, 10, 39, 2),
(15, 5, 20, 45, 2),
(16, 6, 13, 16, 1),
(17, 6, 14, 17, 2),
(18, 7, 15, 49, 2),
(19, 7, 16, 51, 1),
(20, 8, 17, 48, 3),
(21, 8, 18, 58, 2),
(22, 9, 19, 54, 2),
(23, 9, 20, 56, 3),
(24, 10, 21, 44, 1),
(25, 10, 22, 46, 2),
(26, 10, 23, 50, 1),
(27, 11, 21, 47, 3),
(28, 11, 22, 51, 1),
(29, 11, 26, 55, 2),
(30, 12, 23, 59, 1),
(31, 12, 24, 62, 2),
(32, 12, 27, 64, 2),
(33, 13, 28, 60, 3),
(34, 13, 29, 63, 1),
(35, 13, 30, 56, 2),
(36, 14, 31, 64, 1),
(37, 14, 32, 66, 2),
(38, 14, 33, 69, 1),
(39, 15, 34, 55, 3),
(40, 15, 35, 58, 2),
(41, 15, 36, 60, 1),
(42, 16, 37, 65, 2),
(43, 16, 38, 67, 3),
(44, 16, 39, 70, 1),
(45, 17, 40, 73, 1),
(46, 17, 41, 74, 2),
(47, 17, 42, 75, 1),
(48, 18, 43, 78, 3),
(49, 18, 44, 80, 2),
(50, 18, 45, 82, 1),
(51, 19, 11, 83, 2),
(52, 19, 22, 85, 3),
(53, 19, 25, 90, 1),
(54, 20, 12, 91, 2),
(55, 20, 23, 93, 1),
(56, 21, 13, 94, 1),
(57, 21, 14, 95, 2),
(58, 22, 15, 97, 3),
(59, 22, 16, 98, 2),
(60, 23, 17, 99, 4),
(61, 23, 18, 100, 1),
(62, 24, 19, 101, 2),
(63, 24, 20, 102, 3),
(64, 24, 21, 103, 1),
(65, 25, 24, 104, 2),
(66, 25, 25, 106, 1);

-- --------------------------------------------------------

--
-- 資料表結構 `order_status`
--

CREATE TABLE `order_status` (
  `id` int NOT NULL,
  `order_name` varchar(50) CHARACTER SET utf8mb4 COLLATE utf8mb4_general_ci NOT NULL
) ENGINE=InnoDB DEFAULT CHARSET=utf8mb4 COLLATE=utf8mb4_general_ci;

--
-- 傾印資料表的資料 `order_status`
--

INSERT INTO `order_status` (`id`, `order_name`) VALUES
(1, '待出貨'),
(2, '配送中'),
(3, '已到達'),
(4, '已完成'),
(5, '已取消');

-- --------------------------------------------------------

--
-- 資料表結構 `payment_methods`
--

CREATE TABLE `payment_methods` (
  `id` int NOT NULL,
  `method` varchar(50) CHARACTER SET utf8mb4 COLLATE utf8mb4_general_ci NOT NULL
) ENGINE=InnoDB DEFAULT CHARSET=utf8mb4 COLLATE=utf8mb4_general_ci;

--
-- 傾印資料表的資料 `payment_methods`
--

INSERT INTO `payment_methods` (`id`, `method`) VALUES
(1, '貨到付款'),
(2, '信用卡/金融卡');

-- --------------------------------------------------------

--
-- 資料表結構 `pd_likes`
--

CREATE TABLE `pd_likes` (
  `like_id` int NOT NULL,
  `member_id` int NOT NULL,
  `pd_id` int NOT NULL,
  `created_at` datetime NOT NULL DEFAULT CURRENT_TIMESTAMP
) ENGINE=InnoDB DEFAULT CHARSET=utf8mb4 COLLATE=utf8mb4_general_ci;

--
-- 傾印資料表的資料 `pd_likes`
--

INSERT INTO `pd_likes` (`like_id`, `member_id`, `pd_id`, `created_at`) VALUES
(1, 1, 1, '2025-03-21 01:34:01');

-- --------------------------------------------------------

--
-- 資料表結構 `pd_themes`
--

CREATE TABLE `pd_themes` (
  `id` int NOT NULL,
  `name` varchar(100) CHARACTER SET utf8mb4 COLLATE utf8mb4_general_ci NOT NULL
) ENGINE=InnoDB DEFAULT CHARSET=utf8mb4 COLLATE=utf8mb4_general_ci;

--
-- 傾印資料表的資料 `pd_themes`
--

INSERT INTO `pd_themes` (`id`, `name`) VALUES
(1, 'TeamB經典'),
(2, '櫻色動律');

-- --------------------------------------------------------

--
-- 資料表結構 `pd_variants`
--

CREATE TABLE `pd_variants` (
  `id` int NOT NULL,
  `product_id` int NOT NULL,
  `size` varchar(50) CHARACTER SET utf8mb4 COLLATE utf8mb4_general_ci NOT NULL,
  `stock` int NOT NULL DEFAULT '0'
) ENGINE=InnoDB DEFAULT CHARSET=utf8mb4 COLLATE=utf8mb4_general_ci;

--
-- 傾印資料表的資料 `pd_variants`
--

INSERT INTO `pd_variants` (`id`, `product_id`, `size`, `stock`) VALUES
(1, 1, 'M', 29),
(2, 1, 'L', 15),
(3, 1, 'XL', 26),
(4, 2, 'M', 29),
(5, 2, 'S', 14),
(6, 2, 'XL', 24),
(7, 2, 'XXL', 21),
(8, 3, 'M', 10),
(9, 3, 'S', 22),
(10, 3, 'XXL', 9),
(11, 3, 'XL', 9),
(12, 4, 'XL', 19),
(13, 4, 'L', 14),
(14, 5, 'XL', 30),
(15, 5, 'S', 29),
(16, 6, 'L', 10),
(17, 6, 'XL', 30),
(18, 6, 'S', 24),
(19, 7, 'L', 28),
(20, 7, 'XXL', 5),
(21, 7, 'M', 21),
(22, 8, 'XL', 11),
(23, 8, 'S', 9),
(24, 8, 'XXL', 25),
(25, 8, 'L', 14),
(26, 9, 'S', 19),
(27, 9, 'L', 6),
(28, 9, 'XXL', 28),
(29, 9, 'M', 26),
(30, 10, 'XL', 29),
(31, 10, 'L', 21),
(32, 11, 'XXL', 13),
(33, 11, 'M', 7),
(34, 12, 'S', 7),
(35, 12, 'M', 18),
(36, 13, 'XL', 24),
(37, 13, 'XXL', 19),
(38, 14, 'XL', 30),
(39, 14, 'S', 30),
(40, 14, 'M', 14),
(41, 14, 'L', 23),
(42, 15, 'S', 29),
(43, 15, 'L', 18),
(44, 15, 'XL', 29),
(45, 16, 'L', 23),
(46, 16, 'XL', 15),
(47, 16, 'S', 29),
(48, 16, 'M', 23),
(49, 17, 'S', 14),
(50, 17, 'XL', 9),
(51, 17, 'XXL', 18),
(52, 17, 'M', 13),
(53, 18, 'XL', 6),
(54, 18, 'L', 27),
(55, 18, 'XXL', 24),
(56, 19, 'S', 11),
(57, 19, 'M', 26),
(58, 19, 'XL', 21),
(59, 20, 'XXL', 10),
(60, 20, 'S', 17),
(61, 20, 'XL', 17),
(62, 20, 'L', 10),
(63, 21, 'XXL', 16),
(64, 21, 'M', 28),
(65, 21, 'S', 14),
(66, 21, 'L', 26),
(67, 22, 'XXL', 5),
(68, 22, 'M', 18),
(69, 22, 'XL', 20),
(70, 23, 'XL', 9),
(71, 23, 'M', 6),
(72, 23, 'XXL', 21),
(73, 23, 'S', 21),
(74, 24, 'XXL', 25),
(75, 24, 'M', 15),
(76, 24, 'S', 27),
(77, 24, 'L', 18),
(78, 25, 'XXL', 6),
(79, 25, 'S', 30),
(80, 26, 'M', 24),
(81, 26, 'XXL', 16),
(82, 27, 'L', 12),
(83, 27, 'S', 28),
(84, 27, 'XL', 21),
(85, 28, 'S', 5),
(86, 28, 'L', 20),
(87, 28, 'XXL', 22),
(88, 29, 'L', 26),
(89, 29, 'XXL', 6),
(90, 29, 'M', 15),
(91, 29, 'XL', 27),
(92, 30, 'M', 11),
(93, 30, 'S', 11),
(94, 31, '26', 5),
(95, 31, '25', 21),
(96, 31, '25.5', 11),
(97, 31, '24.5', 26),
(98, 31, '23.5', 21),
(99, 32, '26', 25),
(100, 32, '24', 8),
(101, 32, '24.5', 27),
(102, 33, '24', 9),
(103, 33, '23.5', 23),
(104, 33, '26', 29),
(105, 33, '25', 16),
(106, 33, '24.5', 6),
(107, 34, '26', 29),
(108, 34, '23.5', 26),
(109, 34, '25.5', 22),
(110, 35, '25', 10),
(111, 35, '24', 12),
(112, 35, '24.5', 27),
(113, 35, '25.5', 6),
(114, 35, '23', 17),
(115, 36, '24', 30),
(116, 36, '26', 24),
(117, 36, '23', 16),
(118, 37, '25', 21),
(119, 37, '25.5', 25),
(120, 37, '24.5', 9),
(121, 37, '26', 22),
(122, 37, '23', 19),
(123, 38, '26', 16),
(124, 38, '24', 19),
(125, 38, '23', 12),
(126, 38, '25.5', 9),
(127, 38, '24.5', 17),
(128, 39, '26', 28),
(129, 39, '24', 22),
(130, 39, '23.5', 28),
(131, 39, '25', 27),
(132, 39, '24.5', 25),
(133, 40, '25', 27),
(134, 40, '23', 25),
(135, 40, '24', 25),
(136, 41, '25', 11),
(137, 41, '23.5', 6),
(138, 41, '26', 8),
(139, 42, '23.5', 18),
(140, 42, '25.5', 7),
(141, 42, '26', 22),
(142, 42, '25', 13),
(143, 43, '24.5', 12),
(144, 43, '25', 30),
(145, 43, '23', 8),
(146, 44, '24.5', 22),
(147, 44, '23', 17),
(148, 44, '24', 26),
(149, 44, '26', 8),
(150, 45, '25', 5),
(151, 45, '24', 10),
(152, 45, '24.5', 18),
(153, 45, '25.5', 21),
(154, 46, 'Free', 22),
(155, 47, 'Free', 25),
(156, 48, 'Free', 28),
(157, 49, 'Free', 26),
(158, 50, 'Free', 21);

-- --------------------------------------------------------

--
-- 資料表結構 `products`
--

CREATE TABLE `products` (
  `id` int NOT NULL,
  `image` varchar(255) CHARACTER SET utf8mb4 COLLATE utf8mb4_general_ci DEFAULT NULL,
  `product_code` varchar(20) CHARACTER SET utf8mb4 COLLATE utf8mb4_general_ci NOT NULL,
  `product_name` varchar(100) CHARACTER SET utf8mb4 COLLATE utf8mb4_general_ci NOT NULL,
  `category_id` int NOT NULL,
  `sport_type_id` int NOT NULL,
  `product_description` text CHARACTER SET utf8mb4 COLLATE utf8mb4_general_ci,
  `price` int NOT NULL,
  `size` varchar(50) CHARACTER SET utf8mb4 COLLATE utf8mb4_general_ci NOT NULL,
  `color` varchar(50) CHARACTER SET utf8mb4 COLLATE utf8mb4_general_ci NOT NULL,
  `inventory` int NOT NULL,
  `created_at` datetime NOT NULL DEFAULT CURRENT_TIMESTAMP
) ENGINE=InnoDB DEFAULT CHARSET=utf8mb4 COLLATE=utf8mb4_general_ci;

--
-- 傾印資料表的資料 `products`
--

INSERT INTO `products` (`id`, `image`, `product_code`, `product_name`, `category_id`, `sport_type_id`, `product_description`, `price`, `size`, `color`, `inventory`, `created_at`) VALUES
(1, 'top (1).jpg', 'A0001', 'GymFlex 無袖短版運動上衣', 1, 1, '高效吸濕排汗技術，專為高強度訓練設計。', 890, 'S', '黑色', 40, '2025-01-01 10:00:00'),
(2, 'top-2.jpg', 'A0002', 'GymFlex 運動外套', 1, 1, '輕盈透氣的材質，適合夏季戶外運動。', 920, 'L', '黑色', 40, '2025-01-01 10:10:00'),
(3, 'top (3).jpg', 'A0003', 'Ultimate 運動短袖上衣', 1, 1, '輕盈透氣的材質，適合春夏季戶外運動。', 750, 'M', '灰藍色', 35, '2025-01-01 10:20:00'),
(4, 'top (4).jpg', 'A0004', 'Ultimate 防風連帽外套', 1, 1, '防風面料，保暖性能出色。', 1350, 'L', '灰藍色', 25, '2025-01-01 10:30:00'),
(5, 'top (5).jpg', 'A0005', 'Active Max 短袖運動 T 恤', 1, 1, '經典設計搭配現代技術，提供全天舒適感。', 890, 'M', '藍色', 20, '2025-01-01 10:40:00'),
(6, 'top (6).jpg', 'A0006', 'Pro Max Dri-FIT 運動外套', 1, 1, '輕便、便於攜帶，適合冷天的戶外活動。', 1250, 'L', '黑色', 30, '2025-01-01 10:50:00'),
(7, 'top (7).jpg', 'A0007', 'Pro Max Dri-FIT 長袖跑步上衣', 1, 2, '超輕量設計，提升長跑中的靈活性。', 780, 'S', '黑色', 28, '2025-01-01 11:00:00'),
(8, 'top (8).jpg', 'A0008', 'Pro Max Dri-FIT 緊身長袖上衣', 1, 2, '為健身訓練提供最佳肌肉支撐。', 1150, 'M', '黑色', 18, '2025-01-01 11:10:00'),
(9, 'top (9).jpg', 'A0009', 'DryCore 羽球運動上衣', 1, 2, '快乾材質搭配時尚設計，適合各種訓練。', 980, 'L', '紅色', 22, '2025-01-01 11:20:00'),
(10, 'top (10).jpg', 'A0010', 'AllCourt 羽球運動上衣', 1, 2, '經典剪裁，專為羽球運動打造。', 870, 'M', '紅色', 19, '2025-01-01 11:30:00'),
(11, 'top (11).jpg', 'A0011', 'PowerMove 休閒短袖上衣', 1, 2, '輕便舒適，休閒好穿。', 980, 'M', '紅色', 16, '2025-01-01 11:40:00'),
(12, 'top (12).jpg', 'A0012', 'TrailXplore 休閒運動短袖上衣', 1, 2, '快乾材質，輕便舒適，休閒好穿。', 1550, 'L', '紅色', 12, '2025-01-01 11:50:00'),
(13, 'top (13).jpg', 'A0013', 'PowerMove 籃球背心 二色組合(紅+藍)', 1, 2, '專業版型，助力籃球比賽中的每一動作。', 890, 'M', 'F', 30, '2025-01-01 12:00:00'),
(14, 'top (14).jpg', 'A0014', 'FlexFit 無袖短版運動上衣', 1, 2, '全方位適用設計，支持多種運動項目。', 880, 'S', '黃', 22, '2025-01-01 12:10:00'),
(15, 'top (15).jpg', 'A0015', 'FlexFit 訓練短袖上衣', 1, 2, '全方位適用設計，支持多種運動項目。', 1020, 'M', '黃', 25, '2025-01-01 12:20:00'),
(16, 'top (16).jpg', 'B0001', 'FlexFit 運動外套', 1, 2, '超輕透氣，提升運動表現。', 580, 'M', '黃紫', 40, '2025-01-02 13:00:00'),
(17, 'top (17).jpg', 'B0002', 'FlexFit 訓練緊身上衣', 1, 2, '彈性面料提供全面支撐。', 750, 'L', '黃紫', 35, '2025-01-02 13:10:00'),
(18, 'top (18).jpg', 'B0003', 'CourtMaster 藍球上衣 TeamB聯名', 1, 2, '專業剪裁，提升場上靈活性。', 600, 'M', '粉色', 50, '2025-01-02 13:20:00'),
(19, 'top (19).jpg', 'B0004', 'CourtMaster 排球上衣 TeamB聯名', 1, 2, '專業剪裁，提升場上靈活性。', 950, 'L', '粉色', 20, '2025-01-02 13:30:00'),
(20, 'top (20).jpg', 'B0005', 'CourtMaster 羽球上衣 TeamB聯名', 1, 2, '專業剪裁，提升場上靈活性。', 680, 'M', '粉色', 25, '2025-01-02 13:40:00'),
(21, 'bottom (1).jpg', 'B0006', 'CourtMaster 籃球短褲 TeamB聯名', 2, 2, '耐磨抗撕裂，適合高強度對抗，專業剪裁，提升場上靈活性。', 890, 'L', '粉色', 18, '2025-01-02 13:50:00'),
(22, 'bottom (2).jpg', 'B0007', 'ActiveFlex 無縫運動短褲 TeamB聯名', 2, 2, '無縫設計，舒適耐穿，適合高強度對抗，專業剪裁，提升場上靈活性。', 1150, 'M', '粉色', 15, '2025-01-02 14:00:00'),
(23, 'bottom (3).jpg', 'B0008', 'TrailTech 戶外運動短褲 二色組合(白+綠)', 2, 2, '柔軟舒適，實用設計，適合多種運動場景。', 680, 'S', 'F', 22, '2025-01-02 14:10:00'),
(24, 'bottom (4).jpg', 'B0009', 'ActiveFlex 無縫運動短褲 四色組合(白+軍綠+淺綠+墨綠)', 2, 2, '快乾材質，實用設計，適合多種運動場景。', 2050, 'M', '藍色', 28, '2025-01-02 14:20:00'),
(25, 'bottom (5).jpg', 'B0010', 'GymChill 運動短褲 二色組合(藍+白)', 2, 2, '實用設計，適合多種運動場景。', 620, 'M', 'F', 24, '2025-01-02 14:30:00'),
(26, 'bottom (6).jpg', 'B0011', 'TrailTech 戶外運動短褲 四色組合(黑+白+藍+深棕)', 2, 3, '柔軟舒適，實用設計，適合多種運動場景。', 1250, 'L', 'F', 14, '2025-01-02 14:40:00'),
(27, 'bottom (7).jpg', 'B0012', 'ActiveFlex 無縫運動短褲 二色組合(白+棕)', 2, 3, '快乾材質，實用設計，適合多種運動場景。', 780, 'S', 'F', 26, '2025-01-02 14:50:00'),
(28, 'bottom (8).jpg', 'B0013', 'ActiveFlex 無縫運動短褲 二色組合(棕+卡其)', 2, 3, '快乾材質，實用設計，適合多種運動場景。', 850, 'M', 'F', 18, '2025-01-02 15:00:00'),
(29, 'bottom (9).jpg', 'B0014', 'ClimbReady 多口袋運動褲', 2, 3, '防水、防撕裂設計，適合攀岩與遠足。 ', 960, 'L', '黑色', 20, '2025-01-02 15:10:00'),
(30, 'bottom (10).jpg', 'B0015', 'SpeedPlay 壓縮短褲', 2, 3, '幫助加速恢復，適合高強度訓練。', 1350, 'M', '黑色', 12, '2025-01-02 15:20:00'),
(31, 'shoes (1).jpg', 'C0001', 'SpeedBoost 籃球鞋', 3, 3, '超輕設計，提供卓越的緩震性能。', 2250, '42', '白色', 30, '2025-01-03 16:00:00'),
(32, 'shoes (2).jpg', 'C0002', 'PowerCourt 籃球鞋', 3, 3, '防滑大底，專為籃球比賽設計。', 1980, '43', '黑色', 20, '2025-01-03 16:10:00'),
(33, 'shoes (3).jpg', 'C0003', 'TrailGrip 籃球鞋', 3, 3, '耐磨抓地設計，適合各類球場。', 2380, '44', '黑色', 25, '2025-01-03 16:20:00'),
(34, 'shoes (4).jpg', 'C0004', 'GymMove 籃球鞋', 3, 3, '穩定性與舒適性的完美平衡。', 1890, '42', '紅色', 28, '2025-01-03 16:30:00'),
(35, 'shoes (5).jpg', 'C0005', 'PowerCourt 排球鞋', 3, 3, '提供卓越的場上支持和緩震效果。', 2750, '45', '紅色', 15, '2025-01-03 16:40:00'),
(36, 'shoes (6).jpg', 'C0006', 'TrailGrip 排球鞋', 3, 3, '專為排球跑設計，輕便透氣。', 1580, '41', '藍色', 25, '2025-01-03 16:50:00'),
(37, 'shoes (7).jpg', 'C0007', 'GripMax 休閒鞋', 3, 3, '防水透氣，適合日常休閒，好穿好搭。', 2680, '42', '白色', 18, '2025-01-03 17:00:00'),
(38, 'shoes (8).jpg', 'C0008', 'CourtKing 排球鞋', 3, 3, '輕量設計，提供全天舒適感。', 1980, '43', '藍色', 22, '2025-01-03 17:10:00'),
(39, 'shoes (9).jpg', 'C0009', 'CourtKing 排球鞋', 3, 3, '高性能橡膠大底，增強抓地力。', 2150, '41', '黑紅', 20, '2025-01-03 17:20:00'),
(40, 'shoes (10).jpg', 'C0010', 'CourtKing 排球鞋', 3, 3, '高性能橡膠大底，增強抓地力。', 2980, '44', '黑色', 12, '2025-01-03 17:30:00'),
(41, 'shoes (11).jpg', 'C0011', 'SprintBoost 羽球鞋', 3, 3, '專為羽球設計，輕盈穩定。', 2500, '42', '粉色', 15, '2025-01-03 17:40:00'),
(42, 'shoes (12).jpg', 'C0012', 'UrbanRide 都市休閒羽球鞋', 3, 3, '結合時尚與運動性能。', 1750, '43', '粉色', 30, '2025-01-03 17:50:00'),
(43, 'shoes (13).jpg', 'C0013', 'AquaFlow 羽球鞋', 3, 3, '防滑材質，抓第一百分。', 1450, '42', '藍色', 25, '2025-01-03 18:00:00'),
(44, 'shoes (14).jpg', 'C0014', 'GripMax 休閒跑鞋', 3, 3, '專為跑步設計，提供卓越抓地力。', 2350, '44', '白色', 18, '2025-01-03 18:10:00'),
(45, 'shoes (15).jpg', 'C0015', 'EnduranceTrail 羽球鞋', 3, 3, '耐磨、防水，適合越野運動。', 3100, '43', '綠色', 10, '2025-01-03 18:20:00'),
(46, 'backpack (1).jpg', 'D0001', 'ActiveGear 訓練背包', 4, 3, '多功能儲物設計，輕便耐用。', 1990, '-', '黑色', 30, '2025-01-04 16:00:00'),
(47, 'bottle (1).jpg', 'D0002', 'HydroFlex 水壺', 4, 3, '環保材質，容量足夠長時間使用。', 500, '-', '漸層紫', 50, '2025-01-04 16:10:00'),
(48, 'waistbag (1).jpg', 'D0003', 'SpeedPace 慢跑腰包', 4, 3, '貼身設計，適合跑步攜帶手機和小物件。', 890, '-', '紫色', 35, '2025-01-04 18:30:00'),
(49, 'kneepads (1).jpg', 'D0004', 'ProShield 護膝', 4, 3, '高彈性與支撐設計，減少運動損傷風險。', 980, '-', '黑色', 30, '2025-01-04 19:20:00'),
(50, 'gloves (1).jpg', 'D0005', 'ProShield 健身手套', 4, 3, '防滑耐磨，提升訓練穩定性。', 680, '-', '黑色', 45, '2025-01-04 17:00:00'),
(51, NULL, 'D0006', 'HydroFlex 水壺', 4, 3, '環保材質，容量足夠長時間使用。', 500, '-', '綠', 46, '2025-03-29 14:17:42'),
(52, NULL, 'D0007', 'HydroFlex 水壺', 4, 3, '環保材質，容量足夠長時間使用。', 500, '-', '白', 46, '2025-03-29 14:19:52'),
(53, NULL, 'D0008', 'HydroFlex 水壺', 4, 3, '環保材質，容量足夠長時間使用。', 500, '-', '黃', 40, '2025-03-29 14:19:52'),
(54, NULL, 'D0009', 'HydroFlex 水壺', 4, 3, '環保材質，容量足夠長時間使用。', 500, '-', '藍', 40, '2025-03-29 14:19:52');

-- --------------------------------------------------------

--
-- 資料表結構 `product_sports`
--

CREATE TABLE `product_sports` (
  `product_id` int NOT NULL,
  `sport_type_id` int NOT NULL
) ENGINE=InnoDB DEFAULT CHARSET=utf8mb4 COLLATE=utf8mb4_general_ci;

--
-- 傾印資料表的資料 `product_sports`
--

INSERT INTO `product_sports` (`product_id`, `sport_type_id`) VALUES
(1, 2),
(1, 3),
(2, 1),
(2, 3),
(3, 3),
(4, 2),
(4, 3),
(5, 3),
(6, 1),
(7, 3),
(8, 1),
(8, 3),
(9, 1),
(10, 1),
(11, 2),
(11, 3),
(12, 1),
(12, 2),
(13, 1),
(13, 3),
(14, 1),
(15, 1),
(15, 3),
(16, 2),
(17, 3),
(18, 3),
(19, 2),
(20, 3),
(21, 2),
(22, 3),
(23, 1),
(23, 2),
(24, 1),
(24, 2),
(25, 2),
(25, 3),
(26, 1),
(26, 2),
(27, 1),
(27, 3),
(28, 2),
(28, 3),
(29, 1),
(29, 3),
(30, 1),
(31, 1),
(32, 3),
(33, 2),
(34, 2),
(34, 3),
(35, 2),
(35, 3),
(36, 2),
(36, 3),
(37, 1),
(37, 3),
(38, 1),
(38, 2),
(39, 1),
(39, 2),
(40, 3),
(41, 3),
(42, 3),
(43, 2),
(44, 2),
(45, 3),
(46, 2),
(46, 3),
(47, 2),
(48, 3),
(49, 1),
(49, 3),
(50, 2);

-- --------------------------------------------------------

--
-- 資料表結構 `product_themes`
--

CREATE TABLE `product_themes` (
  `product_id` int NOT NULL,
  `theme_id` int NOT NULL
) ENGINE=InnoDB DEFAULT CHARSET=utf8mb4 COLLATE=utf8mb4_general_ci;

--
-- 傾印資料表的資料 `product_themes`
--

INSERT INTO `product_themes` (`product_id`, `theme_id`) VALUES
(1, 1),
(3, 1),
(7, 1),
(8, 1),
(10, 1),
(12, 1),
(14, 1),
(16, 1),
(17, 1),
(19, 1),
(20, 1),
(22, 1),
(26, 1),
(28, 1),
(29, 1),
(34, 1),
(35, 1),
(37, 1),
(38, 1),
(39, 1),
(40, 1),
(43, 1),
(44, 1),
(45, 1),
(46, 1),
(47, 1),
(48, 1),
(49, 1),
(1, 2),
(2, 2),
(3, 2),
(6, 2),
(7, 2),
(8, 2),
(10, 2),
(12, 2),
(14, 2),
(15, 2),
(16, 2),
(17, 2),
(18, 2),
(22, 2),
(25, 2),
(26, 2),
(28, 2),
(33, 2),
(35, 2),
(36, 2),
(37, 2),
(38, 2),
(39, 2),
(40, 2),
(42, 2),
(44, 2),
(45, 2),
(48, 2);

-- --------------------------------------------------------

--
-- 資料表結構 `registered`
--

CREATE TABLE `registered` (
  `id` int NOT NULL,
  `member_id` int NOT NULL,
  `activity_id` int NOT NULL,
  `num` decimal(10,0) NOT NULL,
  `notes` varchar(200) CHARACTER SET utf8mb4 COLLATE utf8mb4_general_ci DEFAULT NULL,
  `registered_time` datetime DEFAULT CURRENT_TIMESTAMP
) ENGINE=InnoDB DEFAULT CHARSET=utf8mb4 COLLATE=utf8mb4_general_ci;

--
-- 傾印資料表的資料 `registered`
--

INSERT INTO `registered` (`id`, `member_id`, `activity_id`, `num`, `notes`, `registered_time`) VALUES
(1, 47, 58, 3, '1男2女', '2025-01-12 14:43:03'),
(2, 7, 3, 1, '0男1女', '2025-01-12 14:43:03'),
(3, 42, 1, 1, '1男0女', '2025-01-12 14:43:03'),
(4, 21, 15, 4, '4男0女', '2025-01-12 14:43:03'),
(5, 38, 3, 3, '3男0女', '2025-01-12 14:43:03'),
(6, 9, 51, 2, '0男2女', '2025-01-12 14:43:03'),
(7, 17, 6, 1, '1男0女', '2025-01-12 14:43:03'),
(8, 37, 14, 3, '0男3女', '2025-01-12 14:43:03'),
(9, 47, 14, 3, '3男0女', '2025-01-12 14:43:03'),
(10, 49, 7, 1, '0男1女', '2025-01-12 14:43:03'),
(11, 3, 12, 1, '0男1女', '2025-01-12 14:43:03'),
(12, 27, 50, 1, '1男0女', '2025-01-12 14:43:03'),
(13, 11, 36, 4, '2男2女', '2025-01-12 14:43:03'),
(14, 21, 52, 1, '1男0女', '2025-01-12 14:43:03'),
(15, 45, 14, 3, '3男0女', '2025-01-12 14:43:03'),
(16, 23, 15, 2, '1男1女', '2025-01-12 14:43:03'),
(17, 49, 40, 1, '0男1女', '2025-01-12 14:43:03'),
(18, 33, 39, 4, '4男0女', '2025-01-12 14:43:03'),
(19, 36, 23, 3, '1男2女', '2025-01-12 14:43:03'),
(20, 7, 54, 3, '1男2女', '2025-01-12 14:43:03'),
(21, 24, 10, 2, '2男0女', '2025-01-12 14:43:03'),
(22, 44, 9, 1, '1男0女', '2025-01-12 14:43:03'),
(23, 6, 23, 2, '1男1女', '2025-01-12 14:43:03'),
(24, 47, 6, 3, '0男3女', '2025-01-12 14:43:03'),
(25, 31, 9, 4, '3男1女', '2025-01-12 14:43:03'),
(26, 11, 45, 1, '1男0女', '2025-01-12 14:43:03'),
(27, 7, 42, 1, '0男1女', '2025-01-12 14:43:03'),
(28, 10, 56, 1, '0男1女', '2025-01-12 14:43:03'),
(29, 25, 29, 4, '1男3女', '2025-01-12 14:43:03'),
(30, 11, 56, 2, '2男0女', '2025-01-12 14:43:03'),
(31, 39, 14, 2, '0男2女', '2025-01-12 14:43:03'),
(32, 14, 35, 4, '4男0女', '2025-01-12 14:43:03'),
(33, 41, 12, 2, '0男2女', '2025-01-12 14:43:03'),
(34, 23, 25, 1, '1男0女', '2025-01-12 14:43:03'),
(35, 48, 18, 2, '2男0女', '2025-01-12 14:43:03'),
(36, 41, 48, 2, '2男0女', '2025-01-12 14:43:03'),
(37, 34, 57, 1, '1男0女', '2025-01-12 14:43:03'),
(38, 9, 15, 1, '1男0女', '2025-01-12 14:43:03'),
(39, 33, 34, 2, '1男1女', '2025-01-12 14:43:03'),
(40, 15, 43, 2, '1男1女', '2025-01-12 14:43:03'),
(41, 20, 21, 2, '1男1女', '2025-01-12 14:43:03'),
(42, 37, 34, 2, '2男0女', '2025-01-12 14:43:03'),
(43, 37, 9, 1, '1男0女', '2025-01-12 14:43:03'),
(44, 48, 10, 4, '4男0女', '2025-01-12 14:43:03'),
(45, 6, 52, 1, '0男1女', '2025-01-12 14:43:03'),
(46, 27, 52, 1, '0男1女', '2025-01-12 14:43:03'),
(48, 4, 28, 2, '1男1女', '2025-01-12 14:43:03'),
(49, 21, 37, 3, '2男1女', '2025-01-12 14:43:03'),
(50, 9, 42, 4, '4男0女', '2025-01-12 14:43:03'),
(51, 22, 6, 4, '3男1女', '2025-01-12 14:43:03'),
(52, 15, 47, 2, '2男0女', '2025-01-12 14:43:03'),
(53, 24, 31, 3, '2男1女', '2025-01-12 14:43:03'),
(54, 48, 20, 1, '1男0女', '2025-01-12 14:43:03'),
(55, 13, 48, 1, '0男1女', '2025-01-12 14:43:03'),
(56, 11, 24, 3, '2男1女', '2025-01-12 14:43:03'),
(57, 42, 53, 3, '3男0女', '2025-01-12 14:43:03'),
(58, 33, 57, 4, '2男2女', '2025-01-12 14:43:03'),
(59, 36, 32, 1, '1男0女', '2025-01-12 14:43:03'),
(60, 12, 58, 4, '2男2女', '2025-01-12 14:43:03'),
(61, 25, 47, 4, '0男4女', '2025-01-12 14:43:03'),
(62, 12, 40, 2, '1男1女', '2025-01-12 14:43:03'),
(63, 30, 22, 4, '4男0女', '2025-01-12 14:43:03'),
(64, 24, 59, 1, '1男0女', '2025-01-12 14:43:03'),
(65, 1, 25, 2, '1男1女', '2025-01-12 14:43:03'),
(66, 29, 51, 3, '3男0女', '2025-01-12 14:43:03'),
(67, 12, 29, 4, '3男1女', '2025-01-12 14:43:03'),
(68, 26, 9, 2, '2男0女', '2025-01-12 14:43:03'),
(69, 35, 8, 3, '2男1女', '2025-01-12 14:43:03'),
(70, 45, 38, 1, '0男1女', '2025-01-12 14:43:03'),
(71, 34, 45, 2, '0男2女', '2025-01-12 14:43:03'),
(72, 17, 2, 4, '2男2女', '2025-01-12 14:43:03'),
(73, 5, 46, 2, '0男2女', '2025-01-12 14:43:03'),
(74, 42, 25, 1, '1男0女', '2025-01-12 14:43:03'),
(75, 32, 34, 3, '0男3女', '2025-01-12 14:43:03'),
(76, 11, 15, 2, '0男2女', '2025-01-12 14:43:03'),
(77, 4, 7, 1, '1男0女', '2025-01-12 14:43:03'),
(78, 6, 45, 3, '1男2女', '2025-01-12 14:43:03'),
(79, 40, 5, 3, '0男3女', '2025-01-12 14:43:03'),
(80, 29, 24, 4, '4男0女', '2025-01-12 14:43:03'),
(81, 3, 57, 2, '2男0女', '2025-01-12 14:43:03'),
(82, 44, 41, 4, '4男0女', '2025-01-12 14:43:03'),
(83, 14, 10, 4, '0男4女', '2025-01-12 14:43:03'),
(84, 47, 17, 4, '4男0女', '2025-01-12 14:43:03'),
(85, 5, 43, 4, '2男2女', '2025-01-12 14:43:03'),
(86, 24, 4, 3, '3男0女', '2025-01-12 14:43:03'),
(87, 23, 25, 4, '4男0女', '2025-01-12 14:43:03'),
(88, 27, 25, 2, '1男1女', '2025-01-12 14:43:03'),
(89, 14, 4, 1, '0男1女', '2025-01-12 14:43:03'),
(90, 17, 44, 2, '1男1女', '2025-01-12 14:43:03'),
(91, 30, 10, 4, '1男3女', '2025-01-12 14:43:03'),
(92, 22, 46, 3, '0男3女', '2025-01-12 14:43:03'),
(93, 50, 20, 3, '3男0女', '2025-01-12 14:43:03'),
(94, 6, 52, 2, '1男1女', '2025-01-12 14:43:03'),
(95, 3, 17, 4, '2男2女', '2025-01-12 14:43:03'),
(96, 37, 1, 3, '3男0女', '2025-01-12 14:43:03'),
(97, 18, 8, 2, '2男0女', '2025-01-12 14:43:03'),
(98, 3, 16, 4, '0男4女', '2025-01-12 14:43:03'),
(99, 36, 14, 4, '2男2女', '2025-01-12 14:43:03'),
(100, 2, 32, 1, '1男0女', '2025-01-12 14:43:03'),
(101, 2, 11, 3, '1男2女', '2025-01-12 14:43:03'),
(103, 40, 21, 4, '3男1女', '2025-01-12 14:43:03'),
(104, 7, 23, 4, '1男3女', '2025-01-12 14:43:03'),
(105, 21, 52, 2, '1男1女', '2025-01-12 14:43:03'),
(106, 6, 7, 3, '1男2女', '2025-01-12 14:43:03'),
(107, 20, 30, 1, '1男0女', '2025-01-12 14:43:03'),
(108, 24, 13, 2, '0男2女', '2025-01-12 14:43:03'),
(109, 48, 54, 1, '1男0女', '2025-01-12 14:43:03'),
(110, 14, 47, 3, '0男3女', '2025-01-12 14:43:03'),
(111, 17, 2, 3, '3男0女', '2025-01-12 14:43:03'),
(112, 43, 42, 2, '2男0女', '2025-01-12 14:43:03'),
(113, 35, 52, 1, '0男1女', '2025-01-12 14:43:03'),
(114, 42, 10, 3, '3男0女', '2025-01-12 14:43:03'),
(115, 12, 35, 1, '1男0女', '2025-01-12 14:43:03'),
(116, 47, 12, 1, '1男0女', '2025-01-12 14:43:03'),
(117, 6, 10, 2, '0男2女', '2025-01-12 14:43:03'),
(118, 48, 60, 2, '1男1女', '2025-01-12 14:43:03'),
(119, 36, 5, 4, '0男4女', '2025-01-12 14:43:03'),
(120, 5, 27, 2, '2男0女', '2025-01-12 14:43:03'),
(121, 20, 30, 1, '1男0女', '2025-01-12 14:43:03'),
(122, 28, 33, 1, '0男1女', '2025-01-12 14:43:03'),
(123, 11, 4, 3, '2男1女', '2025-01-12 14:43:03'),
(124, 39, 51, 2, '0男2女', '2025-01-12 14:43:03'),
(125, 47, 9, 3, '2男1女', '2025-01-12 14:43:03'),
(126, 41, 30, 4, '2男2女', '2025-01-12 14:43:03'),
(127, 46, 28, 2, '1男1女', '2025-01-12 14:43:03'),
(128, 20, 29, 4, '0男4女', '2025-01-12 14:43:03'),
(129, 18, 9, 3, '0男3女', '2025-01-12 14:43:03'),
(130, 12, 60, 1, '0男1女', '2025-01-12 14:43:03'),
(131, 42, 18, 4, '4男0女', '2025-01-12 14:43:03'),
(132, 37, 6, 2, '1男1女', '2025-01-12 14:43:03'),
(133, 46, 16, 1, '0男1女', '2025-01-12 14:43:03'),
(134, 8, 17, 3, '2男1女', '2025-01-12 14:43:03'),
(135, 48, 2, 1, '1男0女', '2025-01-12 14:43:03'),
(136, 18, 44, 2, '2男0女', '2025-01-12 14:43:03'),
(137, 17, 11, 3, '3男0女', '2025-01-12 14:43:03'),
(138, 39, 21, 3, '0男3女', '2025-01-12 14:43:03'),
(139, 18, 48, 4, '4男0女', '2025-01-12 14:43:03'),
(140, 36, 43, 2, '0男2女', '2025-01-12 14:43:03'),
(141, 42, 27, 3, '3男0女', '2025-01-12 14:43:03'),
(142, 42, 49, 1, '0男1女', '2025-01-12 14:43:03'),
(143, 15, 35, 3, '0男3女', '2025-01-12 14:43:03'),
(144, 28, 33, 3, '3男0女', '2025-01-12 14:43:03'),
(145, 39, 7, 4, '0男4女', '2025-01-12 14:43:03'),
(146, 32, 42, 2, '2男0女', '2025-01-12 14:43:03'),
(147, 27, 38, 4, '3男1女', '2025-01-12 14:43:03'),
(148, 48, 44, 4, '1男3女', '2025-01-12 14:43:03'),
(149, 39, 31, 1, '1男0女', '2025-01-12 14:43:03'),
(150, 22, 25, 1, '1男0女', '2025-01-12 14:43:03'),
(151, 12, 39, 4, '4男0女', '2025-01-12 14:43:03'),
(152, 44, 17, 3, '2男1女', '2025-01-12 14:43:03'),
(153, 40, 21, 1, '0男1女', '2025-01-12 14:43:03'),
(154, 50, 24, 3, '0男3女', '2025-01-12 14:43:03'),
(155, 40, 26, 4, '0男4女', '2025-01-12 14:43:03'),
(156, 30, 25, 1, '1男0女', '2025-01-12 14:43:03'),
(157, 38, 27, 4, '4男0女', '2025-01-12 14:43:03'),
(158, 50, 57, 1, '1男0女', '2025-01-12 14:43:03'),
(159, 22, 57, 4, '2男2女', '2025-01-12 14:43:03'),
(160, 9, 41, 1, '1男0女', '2025-01-12 14:43:03'),
(161, 17, 37, 2, '0男2女', '2025-01-12 14:43:03'),
(162, 8, 6, 1, '0男1女', '2025-01-12 14:43:03'),
(163, 6, 43, 3, '1男2女', '2025-01-12 14:43:03'),
(164, 20, 40, 1, '1男0女', '2025-01-12 14:43:03'),
(165, 5, 37, 1, '0男1女', '2025-01-12 14:43:03'),
(166, 43, 55, 4, '3男1女', '2025-01-12 14:43:03'),
(167, 1, 20, 4, '1男3女', '2025-01-12 14:43:03'),
(168, 41, 34, 4, '3男1女', '2025-01-12 14:43:03'),
(169, 18, 11, 2, '2男0女', '2025-01-12 14:43:03'),
(170, 6, 25, 1, '1男0女', '2025-01-12 14:43:03'),
(171, 26, 45, 2, '2男0女', '2025-01-12 14:43:03'),
(172, 16, 22, 4, '3男1女', '2025-01-12 14:43:03'),
(173, 9, 54, 2, '1男1女', '2025-01-12 14:43:03'),
(174, 5, 13, 2, '1男1女', '2025-01-12 14:43:03'),
(175, 14, 33, 1, '1男0女', '2025-01-12 14:43:03'),
(176, 35, 60, 2, '2男0女', '2025-01-12 14:43:03'),
(177, 26, 42, 1, '0男1女', '2025-01-12 14:43:03'),
(178, 2, 47, 3, '2男1女', '2025-01-12 14:43:03'),
(179, 38, 60, 1, '1男0女', '2025-01-12 14:43:03'),
(180, 18, 10, 1, '1男0女', '2025-01-12 14:43:03'),
(182, 30, 19, 4, '0男4女', '2025-01-12 14:43:03'),
(183, 12, 37, 3, '3男0女', '2025-01-12 14:43:03'),
(184, 19, 15, 2, '0男2女', '2025-01-12 14:43:03'),
(185, 21, 48, 2, '2男0女', '2025-01-12 14:43:03'),
(186, 32, 52, 2, '1男1女', '2025-01-12 14:43:03'),
(187, 14, 8, 2, '1男1女', '2025-01-12 14:43:03'),
(188, 47, 52, 4, '2男2女', '2025-01-12 14:43:03'),
(189, 9, 43, 2, '0男2女', '2025-01-12 14:43:03'),
(190, 30, 5, 3, '0男3女', '2025-01-12 14:43:03'),
(191, 31, 29, 1, '0男1女', '2025-01-12 14:43:03'),
(192, 12, 42, 4, '3男1女', '2025-01-12 14:43:03'),
(193, 29, 23, 2, '2男0女', '2025-01-12 14:43:03'),
(194, 36, 19, 1, '1男0女', '2025-01-12 14:43:03'),
(195, 9, 17, 2, '2男0女', '2025-01-12 14:43:03'),
(196, 40, 32, 4, '1男3女', '2025-01-12 14:43:03'),
(197, 11, 25, 2, '0男2女', '2025-01-12 14:43:03'),
(198, 15, 30, 1, '0男1女', '2025-01-12 14:43:03'),
(199, 48, 51, 1, '0男1女', '2025-01-12 14:43:03'),
(200, 34, 5, 3, '2男1女', '2025-01-12 14:43:03'),
(201, 15, 16, 3, '2男1女', '2025-01-12 14:43:03'),
(202, 24, 33, 3, '2男1女', '2025-01-12 14:43:03'),
(203, 2, 47, 4, '0男4女', '2025-01-12 14:43:03'),
(204, 4, 14, 1, '0男1女', '2025-01-12 14:43:03');

-- --------------------------------------------------------

--
-- 資料表結構 `sessions`
--

CREATE TABLE `sessions` (
  `session_id` varchar(128) CHARACTER SET utf8mb4 COLLATE utf8mb4_bin NOT NULL,
  `expires` int UNSIGNED NOT NULL,
  `data` mediumtext CHARACTER SET utf8mb4 COLLATE utf8mb4_bin
) ENGINE=InnoDB DEFAULT CHARSET=utf8mb4 COLLATE=utf8mb4_general_ci;

-- --------------------------------------------------------

--
-- 資料表結構 `shipping_methods`
--

CREATE TABLE `shipping_methods` (
  `id` int NOT NULL,
  `shipping_method` varchar(50) CHARACTER SET utf8mb4 COLLATE utf8mb4_general_ci NOT NULL,
  `shipping_fee` int NOT NULL
) ENGINE=InnoDB DEFAULT CHARSET=utf8mb4 COLLATE=utf8mb4_general_ci;

--
-- 傾印資料表的資料 `shipping_methods`
--

INSERT INTO `shipping_methods` (`id`, `shipping_method`, `shipping_fee`) VALUES
(1, '宅配', 100),
(2, '超商取貨(7-ELEVEN)', 60);

-- --------------------------------------------------------

--
-- 資料表結構 `shopping_detail`
--

CREATE TABLE `shopping_detail` (
  `id` int NOT NULL,
  `order_id` int NOT NULL,
  `recipient_name` varchar(255) CHARACTER SET utf8mb4 COLLATE utf8mb4_general_ci NOT NULL,
  `recipient_phone` varchar(20) CHARACTER SET utf8mb4 COLLATE utf8mb4_general_ci NOT NULL,
  `shipping_method_id` int NOT NULL,
  `city_id` int DEFAULT NULL,
  `area_id` int DEFAULT NULL,
  `detailed_address` varchar(255) CHARACTER SET utf8mb4 COLLATE utf8mb4_general_ci DEFAULT NULL,
  `store_name` varchar(100) CHARACTER SET utf8mb4 COLLATE utf8mb4_general_ci DEFAULT NULL,
  `store_address` varchar(255) CHARACTER SET utf8mb4 COLLATE utf8mb4_general_ci DEFAULT NULL
) ENGINE=InnoDB DEFAULT CHARSET=utf8mb4 COLLATE=utf8mb4_general_ci;

--
-- 傾印資料表的資料 `shopping_detail`
--

INSERT INTO `shopping_detail` (`id`, `order_id`, `recipient_name`, `recipient_phone`, `shipping_method_id`, `city_id`, `area_id`, `detailed_address`, `store_name`, `store_address`) VALUES
(1, 1, '維特', '0994315131', 2, NULL, NULL, NULL, '安南門市', '台南市安南區安和路四段520號'),
(2, 2, '維特', '0994315131', 1, 14, 222, '忠義1號', NULL, NULL),
(3, 3, '維特', '0994315131', 1, 14, 222, '忠義1號', NULL, NULL),
(4, 4, '維特', '0994315131', 1, 14, 222, '忠義1號', NULL, NULL),
(5, 5, '維特', '0994315131', 1, 14, 222, '忠義1號', NULL, NULL),
(6, 6, '維特', '0994315131', 1, 14, 222, '忠義1號', NULL, NULL),
(7, 7, '維特', '0994315131', 1, 14, 222, '忠義1號', NULL, NULL),
(8, 8, '維特', '0994315131', 1, 14, 222, '忠義1號', NULL, NULL),
(9, 9, '維特', '0994315131', 1, 14, 222, '忠義1號', NULL, NULL),
(10, 10, '維特', '0994315131', 1, 14, 222, '忠義1號', NULL, NULL),
(11, 11, '維特', '0994315131', 1, 14, 222, '忠義1號', NULL, NULL),
(12, 12, '維特', '0994315131', 1, 14, 222, '忠義1號', NULL, NULL),
(13, 13, '維特', '0994315131', 1, 14, 222, '忠義1號', NULL, NULL),
(14, 14, '維特', '0994315131', 1, 14, 222, '忠義1號', NULL, NULL),
(15, 15, '維特', '0994315131', 1, 14, 222, '忠義1號', NULL, NULL),
(16, 16, '維特', '0994315131', 1, 14, 222, '忠義1號', NULL, NULL),
(17, 17, '維特', '0994315131', 1, 14, 222, '忠義1號', NULL, NULL),
(18, 18, '維特', '0994315131', 1, 14, 222, '忠義1號', NULL, NULL),
(19, 19, '維特', '0994315131', 1, 14, 222, '忠義1號', NULL, NULL),
(20, 20, '維特', '0994315131', 1, 14, 222, '忠義1號', NULL, NULL),
(21, 21, '維特', '0994315131', 1, 14, 222, '忠義1號', NULL, NULL),
(22, 22, '維特', '0994315131', 1, 14, 222, '忠義1號', NULL, NULL),
(23, 23, '維特', '0994315131', 1, 14, 222, '忠義1號', NULL, NULL),
(24, 24, '維特', '0994315131', 1, 14, 222, '忠義1號', NULL, NULL),
(25, 25, '維特', '0994315131', 1, 14, 222, '忠義1號', NULL, NULL);

-- --------------------------------------------------------

--
-- 資料表結構 `sport_type`
--

CREATE TABLE `sport_type` (
  `id` int NOT NULL,
  `sport_name` varchar(10) CHARACTER SET utf8mb4 COLLATE utf8mb4_general_ci NOT NULL
) ENGINE=InnoDB DEFAULT CHARSET=utf8mb4 COLLATE=utf8mb4_general_ci;

--
-- 傾印資料表的資料 `sport_type`
--

INSERT INTO `sport_type` (`id`, `sport_name`) VALUES
(1, '籃球'),
(2, '排球'),
(3, '羽球');

--
-- 已傾印資料表的索引
--

--
-- 資料表索引 `activity_list`
--
ALTER TABLE `activity_list`
  ADD PRIMARY KEY (`al_id`),
  ADD KEY `sport_type_id` (`sport_type_id`),
  ADD KEY `area_id` (`area_id`),
  ADD KEY `court_id` (`court_id`),
  ADD KEY `founder_id` (`founder_id`);

--
-- 資料表索引 `activity_message_board`
--
ALTER TABLE `activity_message_board`
  ADD PRIMARY KEY (`id`);

--
-- 資料表索引 `admins`
--
ALTER TABLE `admins`
  ADD PRIMARY KEY (`id`),
  ADD UNIQUE KEY `email` (`email`);

--
-- 資料表索引 `admin_login_logs`
--
ALTER TABLE `admin_login_logs`
  ADD PRIMARY KEY (`id`),
  ADD KEY `adminer_id` (`adminer_id`);

--
-- 資料表索引 `areas`
--
ALTER TABLE `areas`
  ADD PRIMARY KEY (`area_id`),
  ADD KEY `city_id` (`city_id`);

--
-- 資料表索引 `categories`
--
ALTER TABLE `categories`
  ADD PRIMARY KEY (`id`),
  ADD KEY `parent_id` (`parent_id`);

--
-- 資料表索引 `citys`
--
ALTER TABLE `citys`
  ADD PRIMARY KEY (`city_id`);

--
-- 資料表索引 `contact_form_submissions`
--
ALTER TABLE `contact_form_submissions`
  ADD PRIMARY KEY (`id`);

--
-- 資料表索引 `court_info`
--
ALTER TABLE `court_info`
  ADD PRIMARY KEY (`id`),
  ADD KEY `area_id` (`area_id`),
  ADD KEY `type_id` (`type_id`);

--
-- 資料表索引 `court_sports`
--
ALTER TABLE `court_sports`
  ADD KEY `sport_id` (`sport_id`),
  ADD KEY `court_id` (`court_id`);

--
-- 資料表索引 `court_type`
--
ALTER TABLE `court_type`
  ADD PRIMARY KEY (`id`);

--
-- 資料表索引 `favorites`
--
ALTER TABLE `favorites`
  ADD PRIMARY KEY (`id`),
  ADD UNIQUE KEY `unique_fav` (`member_id`,`activity_id`),
  ADD KEY `activity_id` (`activity_id`);

--
-- 資料表索引 `members`
--
ALTER TABLE `members`
  ADD PRIMARY KEY (`id`),
  ADD UNIQUE KEY `email` (`email`),
  ADD KEY `city_id` (`city_id`),
  ADD KEY `area_id` (`area_id`);

--
-- 資料表索引 `member_sports`
--
ALTER TABLE `member_sports`
  ADD KEY `member_id` (`member_id`),
  ADD KEY `sport_id` (`sport_id`);

--
-- 資料表索引 `messages`
--
ALTER TABLE `messages`
  ADD PRIMARY KEY (`id`),
  ADD KEY `member_id` (`member_id`);

--
-- 資料表索引 `orders`
--
ALTER TABLE `orders`
  ADD PRIMARY KEY (`id`),
  ADD UNIQUE KEY `MerchantTradeNo` (`MerchantTradeNo`),
  ADD KEY `members_id` (`members_id`),
  ADD KEY `order_status_id` (`order_status_id`),
  ADD KEY `shipping_method_id` (`shipping_method_id`),
  ADD KEY `payment_method_id` (`payment_method_id`);

--
-- 資料表索引 `order_items`
--
ALTER TABLE `order_items`
  ADD PRIMARY KEY (`id`),
  ADD KEY `order_id` (`order_id`),
  ADD KEY `item_id` (`item_id`),
  ADD KEY `variant_id` (`variant_id`);

--
-- 資料表索引 `order_status`
--
ALTER TABLE `order_status`
  ADD PRIMARY KEY (`id`);

--
-- 資料表索引 `payment_methods`
--
ALTER TABLE `payment_methods`
  ADD PRIMARY KEY (`id`);

--
-- 資料表索引 `pd_likes`
--
ALTER TABLE `pd_likes`
  ADD PRIMARY KEY (`like_id`),
  ADD KEY `member_id` (`member_id`,`pd_id`);

--
-- 資料表索引 `pd_themes`
--
ALTER TABLE `pd_themes`
  ADD PRIMARY KEY (`id`);

--
-- 資料表索引 `pd_variants`
--
ALTER TABLE `pd_variants`
  ADD PRIMARY KEY (`id`),
  ADD KEY `product_id` (`product_id`);

--
-- 資料表索引 `products`
--
ALTER TABLE `products`
  ADD PRIMARY KEY (`id`),
  ADD KEY `product_code` (`product_code`,`category_id`);

--
-- 資料表索引 `product_sports`
--
ALTER TABLE `product_sports`
  ADD PRIMARY KEY (`product_id`,`sport_type_id`),
  ADD KEY `product_id` (`product_id`,`sport_type_id`);

--
-- 資料表索引 `product_themes`
--
ALTER TABLE `product_themes`
  ADD PRIMARY KEY (`product_id`,`theme_id`),
  ADD KEY `theme_id` (`theme_id`);

--
-- 資料表索引 `registered`
--
ALTER TABLE `registered`
  ADD PRIMARY KEY (`id`),
  ADD KEY `member_id` (`member_id`),
  ADD KEY `activity_id` (`activity_id`);

--
-- 資料表索引 `sessions`
--
ALTER TABLE `sessions`
  ADD PRIMARY KEY (`session_id`);

--
-- 資料表索引 `shipping_methods`
--
ALTER TABLE `shipping_methods`
  ADD PRIMARY KEY (`id`);

--
-- 資料表索引 `shopping_detail`
--
ALTER TABLE `shopping_detail`
  ADD PRIMARY KEY (`id`),
  ADD KEY `order_id` (`order_id`),
  ADD KEY `shipping_method_id` (`shipping_method_id`),
  ADD KEY `city_id` (`city_id`),
  ADD KEY `area_id` (`area_id`);

--
-- 在傾印的資料表使用自動遞增(AUTO_INCREMENT)
--

--
-- 使用資料表自動遞增(AUTO_INCREMENT) `activity_list`
--
ALTER TABLE `activity_list`
  MODIFY `al_id` int NOT NULL AUTO_INCREMENT, AUTO_INCREMENT=62;

--
-- 使用資料表自動遞增(AUTO_INCREMENT) `activity_message_board`
--
ALTER TABLE `activity_message_board`
  MODIFY `id` int NOT NULL AUTO_INCREMENT;

--
-- 使用資料表自動遞增(AUTO_INCREMENT) `admins`
--
ALTER TABLE `admins`
  MODIFY `id` int NOT NULL AUTO_INCREMENT, AUTO_INCREMENT=12;

--
-- 使用資料表自動遞增(AUTO_INCREMENT) `admin_login_logs`
--
ALTER TABLE `admin_login_logs`
  MODIFY `id` int NOT NULL AUTO_INCREMENT, AUTO_INCREMENT=20;

--
-- 使用資料表自動遞增(AUTO_INCREMENT) `categories`
--
ALTER TABLE `categories`
  MODIFY `id` int NOT NULL AUTO_INCREMENT, AUTO_INCREMENT=14;

--
-- 使用資料表自動遞增(AUTO_INCREMENT) `contact_form_submissions`
--
ALTER TABLE `contact_form_submissions`
  MODIFY `id` int NOT NULL AUTO_INCREMENT, AUTO_INCREMENT=5;

--
-- 使用資料表自動遞增(AUTO_INCREMENT) `court_info`
--
ALTER TABLE `court_info`
  MODIFY `id` int NOT NULL AUTO_INCREMENT, AUTO_INCREMENT=28;

--
-- 使用資料表自動遞增(AUTO_INCREMENT) `favorites`
--
ALTER TABLE `favorites`
  MODIFY `id` int NOT NULL AUTO_INCREMENT, AUTO_INCREMENT=3;

--
-- 使用資料表自動遞增(AUTO_INCREMENT) `members`
--
ALTER TABLE `members`
  MODIFY `id` int NOT NULL AUTO_INCREMENT, AUTO_INCREMENT=57;

--
-- 使用資料表自動遞增(AUTO_INCREMENT) `messages`
--
ALTER TABLE `messages`
  MODIFY `id` int NOT NULL AUTO_INCREMENT;

--
-- 使用資料表自動遞增(AUTO_INCREMENT) `orders`
--
ALTER TABLE `orders`
  MODIFY `id` int NOT NULL AUTO_INCREMENT, AUTO_INCREMENT=26;

--
-- 使用資料表自動遞增(AUTO_INCREMENT) `order_items`
--
ALTER TABLE `order_items`
  MODIFY `id` int NOT NULL AUTO_INCREMENT, AUTO_INCREMENT=67;

--
-- 使用資料表自動遞增(AUTO_INCREMENT) `order_status`
--
ALTER TABLE `order_status`
  MODIFY `id` int NOT NULL AUTO_INCREMENT, AUTO_INCREMENT=6;

--
-- 使用資料表自動遞增(AUTO_INCREMENT) `payment_methods`
--
ALTER TABLE `payment_methods`
  MODIFY `id` int NOT NULL AUTO_INCREMENT, AUTO_INCREMENT=3;

--
-- 使用資料表自動遞增(AUTO_INCREMENT) `pd_likes`
--
ALTER TABLE `pd_likes`
  MODIFY `like_id` int NOT NULL AUTO_INCREMENT, AUTO_INCREMENT=2;

--
-- 使用資料表自動遞增(AUTO_INCREMENT) `pd_themes`
--
ALTER TABLE `pd_themes`
  MODIFY `id` int NOT NULL AUTO_INCREMENT, AUTO_INCREMENT=3;

--
-- 使用資料表自動遞增(AUTO_INCREMENT) `pd_variants`
--
ALTER TABLE `pd_variants`
  MODIFY `id` int NOT NULL AUTO_INCREMENT, AUTO_INCREMENT=159;

--
-- 使用資料表自動遞增(AUTO_INCREMENT) `products`
--
ALTER TABLE `products`
  MODIFY `id` int NOT NULL AUTO_INCREMENT, AUTO_INCREMENT=55;

--
-- 使用資料表自動遞增(AUTO_INCREMENT) `registered`
--
ALTER TABLE `registered`
  MODIFY `id` int NOT NULL AUTO_INCREMENT, AUTO_INCREMENT=205;

--
-- 使用資料表自動遞增(AUTO_INCREMENT) `shipping_methods`
--
ALTER TABLE `shipping_methods`
  MODIFY `id` int NOT NULL AUTO_INCREMENT, AUTO_INCREMENT=3;

--
-- 使用資料表自動遞增(AUTO_INCREMENT) `shopping_detail`
--
ALTER TABLE `shopping_detail`
  MODIFY `id` int NOT NULL AUTO_INCREMENT, AUTO_INCREMENT=26;

--
-- 已傾印資料表的限制式
--

--
-- 資料表的限制式 `categories`
--
ALTER TABLE `categories`
  ADD CONSTRAINT `categories_ibfk_1` FOREIGN KEY (`parent_id`) REFERENCES `categories` (`id`);

--
-- 資料表的限制式 `favorites`
--
ALTER TABLE `favorites`
  ADD CONSTRAINT `favorites_ibfk_1` FOREIGN KEY (`member_id`) REFERENCES `members` (`id`),
  ADD CONSTRAINT `favorites_ibfk_2` FOREIGN KEY (`activity_id`) REFERENCES `activity_list` (`al_id`);

--
-- 資料表的限制式 `messages`
--
ALTER TABLE `messages`
  ADD CONSTRAINT `messages_ibfk_1` FOREIGN KEY (`member_id`) REFERENCES `members` (`id`);

--
-- 資料表的限制式 `orders`
--
ALTER TABLE `orders`
  ADD CONSTRAINT `orders_ibfk_1` FOREIGN KEY (`members_id`) REFERENCES `members` (`id`),
  ADD CONSTRAINT `orders_ibfk_2` FOREIGN KEY (`order_status_id`) REFERENCES `order_status` (`id`),
  ADD CONSTRAINT `orders_ibfk_3` FOREIGN KEY (`shipping_method_id`) REFERENCES `shipping_methods` (`id`),
  ADD CONSTRAINT `orders_ibfk_4` FOREIGN KEY (`payment_method_id`) REFERENCES `payment_methods` (`id`);

--
-- 資料表的限制式 `order_items`
--
ALTER TABLE `order_items`
  ADD CONSTRAINT `order_items_ibfk_1` FOREIGN KEY (`order_id`) REFERENCES `orders` (`id`),
  ADD CONSTRAINT `order_items_ibfk_2` FOREIGN KEY (`item_id`) REFERENCES `products` (`id`),
  ADD CONSTRAINT `order_items_ibfk_3` FOREIGN KEY (`variant_id`) REFERENCES `pd_variants` (`id`);

--
-- 資料表的限制式 `pd_variants`
--
ALTER TABLE `pd_variants`
  ADD CONSTRAINT `pd_variants_ibfk_1` FOREIGN KEY (`product_id`) REFERENCES `products` (`id`);

--
-- 資料表的限制式 `product_themes`
--
ALTER TABLE `product_themes`
  ADD CONSTRAINT `product_themes_ibfk_1` FOREIGN KEY (`product_id`) REFERENCES `products` (`id`),
  ADD CONSTRAINT `product_themes_ibfk_2` FOREIGN KEY (`theme_id`) REFERENCES `pd_themes` (`id`);

--
-- 資料表的限制式 `shopping_detail`
--
ALTER TABLE `shopping_detail`
  ADD CONSTRAINT `shopping_detail_ibfk_1` FOREIGN KEY (`order_id`) REFERENCES `orders` (`id`),
  ADD CONSTRAINT `shopping_detail_ibfk_2` FOREIGN KEY (`shipping_method_id`) REFERENCES `shipping_methods` (`id`),
  ADD CONSTRAINT `shopping_detail_ibfk_3` FOREIGN KEY (`city_id`) REFERENCES `citys` (`city_id`),
  ADD CONSTRAINT `shopping_detail_ibfk_4` FOREIGN KEY (`area_id`) REFERENCES `areas` (`area_id`);
COMMIT;

/*!40101 SET CHARACTER_SET_CLIENT=@OLD_CHARACTER_SET_CLIENT */;
/*!40101 SET CHARACTER_SET_RESULTS=@OLD_CHARACTER_SET_RESULTS */;
/*!40101 SET COLLATION_CONNECTION=@OLD_COLLATION_CONNECTION */;
